0.06403902,0.06357923,0.0627273,0.062804975,0.062392704,0.06162866,0.061600108,0.049173962,0.04916239,0.04865372,0.04851405,0.048075568,0.049495604,0.04910267,0.046402875,0.04568314,0.045812003,0.042444814,0.03971436,0.037425146,0.056130897,0.05869174,0.058830626,0.06044744,0.061225317,0.06326378,0.065694876,0.06961124,0.07201756,0.07392868,0.086673126,0.09685995,0.10659702,0.112232774,0.1253462,0.13403,0.15037826,0.16687852,0.19033557,0.22570522,0.26227272,0.28266615,0.3041696,0.35066453,0.37537724,0.4310043,0.45829752,0.512981,0.54183966,0.6057003,0.6351033,0.7017515,0.74067396,0.7735632,0.8430416,0.87152594,0.9372929,0.96954644,1.0318764,1.0748678,1.122911,1.1514261,1.1908901,1.2075912,1.2331201,1.241919,1.2481209,1.2529203,1.2541529,1.2458764,1.2403016,1.2214428,1.2048217,1.1797045,1.1707734,1.1414357,1.128121,1.102642,1.0877061,1.0579798,1.0452553,1.0305688,1.002667,0.9895089,0.9651724,0.95882297,0.9552289,0.92992884,0.9166811,0.9112365,0.89478374,0.8923374,0.8889767,0.88790905,0.8868737,0.88730705,0.8879555,0.8782085,0.88344413,0.8818607,0.87983614,0.85972303,0.8538476,0.8345908,0.8205388,0.7883516,0.7689946,0.7195867,0.69379246,0.6364893,0.60790557,0.54718953,0.51885104,0.491242,0.43391496,0.40952748,0.35902533,0.33899057,0.30236357,0.28580144,0.25469208,0.2415871,0.21834241,0.2080868,0.18642199,0.17880188,0.16485436,0.1589162,0.14828114,0.13586533,0.13201976,0.1247401,0.12126471,0.11462989,0.111451074,0.103345364,0.101129815,0.096987635,0.09117825,0.08704801,0.08625603,0.08506026,0.084015965,0.08334743,0.083149575,0.08301304,0.08275624,0.08243654,0.08122744,0.08070345,0.079868585,0.0789508,0.07668747,0.07531729,0.07211025,0.069694005,0.06512012,0.06266179,0.057958584,0.055442452,0.050214775,0.04755323,0.04487251,0.03963763,0.03719404,0.032453585,0.030034842,0.02607926,0.024298854,0.021179544,0.019817159,0.017488703,0.016239667,0.01451374,0.013785088,0.013129679,0.012083191,0.011643039,0.010849252,0.010248922,0.010019953,0.010088069,0.010326008,0.011370325,0.014992423,0.017421244,0.025418999,0.030124985,0.036148652,0.043789387,0.046084926,0.047583677,0.048291754,0.048976455,0.04856889,0.046935815,0.045840178,0.043306906,0.04191313,0.038937774,0.036596533,0.03510182,0.032134358,0.030872922,0.028894156,0.027700389,0.026937818,0.026758619,0.026715828,0.026690576,0.027145982,0.027613172,0.027625019,0.02839017,0.02872233,0.029402278,0.029745188,0.030278757,0.030624246,0.031284038,0.031627804,0.03178501,0.032450877,0.03278597,0.033247344,0.033577833,0.03423039,0.034556426,0.0346554,0.035303816,0.03562101,0.03601439,0.036326308,0.036945842
0.06591903,0.06479191,0.064840205,0.06376599,0.063262634,0.06318368,0.04812343,0.048380904,0.04796704,0.04791519,0.047683064,0.04749523,0.04883917,0.048454102,0.04617167,0.044377875,0.04359165,0.04145118,0.039688993,0.03909315,0.05976485,0.059781075,0.060695868,0.06127009,0.06294953,0.06404128,0.06439765,0.06652032,0.07356957,0.07549666,0.09051289,0.10000482,0.10947039,0.11494672,0.122252904,0.13494033,0.14267954,0.1605954,0.17909925,0.205483,0.242533,0.28114375,0.3021721,0.3478668,0.37029973,0.39472216,0.4526554,0.47959438,0.5358432,0.56759197,0.62652075,0.6624592,0.7327629,0.7792795,0.84066015,0.873368,0.9255043,0.95744306,1.0378327,1.0662161,1.0797486,1.1464647,1.1750432,1.1975433,1.2119507,1.2329179,1.2354941,1.2487586,1.2482415,1.2419618,1.2374542,1.2207956,1.2040049,1.1855705,1.1735892,1.1602905,1.1379104,1.1235585,1.094654,1.0801743,1.05355,1.039196,1.0118041,1.0041538,1.0003612,0.9904761,0.9722531,0.9413907,0.9283029,0.9229787,0.90547264,0.90325266,0.90152717,0.89832914,0.9044761,0.90532535,0.90611684,0.895929,0.8963109,0.89518636,0.89347446,0.8843774,0.868006,0.8503734,0.837056,0.80709106,0.78885764,0.74189305,0.71704876,0.6612523,0.63342506,0.6008528,0.54427284,0.516361,0.4576632,0.43276036,0.3851379,0.3594855,0.3217456,0.30422348,0.2696861,0.25561094,0.23022981,0.21361749,0.1948164,0.18636744,0.17120568,0.16407621,0.15225849,0.1382748,0.13408554,0.1261814,0.12244332,0.11538871,0.11208077,0.10404483,0.101826325,0.09780766,0.09166928,0.08765144,0.08708882,0.0863423,0.08612918,0.08595974,0.08596041,0.08601898,0.08490821,0.08367636,0.083229914,0.08266354,0.0817825,0.08076874,0.07826768,0.076780245,0.07322995,0.07052252,0.06583479,0.063208446,0.058243364,0.05562272,0.050221357,0.047473315,0.04210842,0.03954079,0.034693528,0.032436892,0.030023597,0.026191346,0.024488768,0.021515487,0.020226095,0.018013218,0.017073296,0.01547673,0.014441335,0.013301591,0.012814868,0.012022657,0.011613519,0.011230339,0.0107790725,0.010859402,0.01119542,0.012267942,0.01594372,0.018933345,0.026432415,0.03264731,0.041194245,0.04645079,0.048399255,0.04757142,0.048486553,0.04831832,0.048167616,0.047427673,0.04644287,0.044228826,0.042992193,0.040281553,0.038852,0.03528672,0.03378488,0.031146731,0.030068683,0.028432187,0.027561286,0.027241185,0.026980402,0.026921323,0.027590789,0.02780976,0.028145023,0.02848187,0.029276535,0.02962148,0.03031787,0.030667482,0.030914223,0.03157085,0.031917423,0.032604802,0.032791473,0.033464536,0.03379561,0.034292765,0.03461532,0.035271022,0.035407566,0.0357213,0.036341336,0.03664432,0.037065767,0.03736391
0.06737494,0.06739419,0.066000536,0.06535271,0.06521704,0.06395967,0.06337238,0.047285724,0.046929624,0.046941277,0.04684969,0.04599564,0.048386164,0.04561105,0.047211464,0.044083666,0.04534986,0.044460084,0.041595925,0.03989968,0.060516886,0.061030794,0.06192242,0.0626576,0.06827869,0.07030053,0.065054774,0.07275326,0.07491529,0.08561616,0.0869349,0.10313765,0.10756096,0.11768718,0.12485404,0.13646922,0.14388616,0.1610233,0.1800211,0.19101933,0.21763939,0.25994027,0.30006143,0.32249644,0.3652873,0.38906813,0.44689545,0.4698613,0.52452755,0.5609227,0.618423,0.65383255,0.6993619,0.76945424,0.8010515,0.86509365,0.8970892,0.9433415,0.995458,1.0519586,1.0917704,1.1374701,1.1679349,1.1872796,1.1971731,1.2387484,1.2438574,1.246939,1.2434864,1.24231,1.2361522,1.2298517,1.2140934,1.2040253,1.1776807,1.1723706,1.1451098,1.1313434,1.1035506,1.0895381,1.0697435,1.0557041,1.0289038,1.0415395,1.0207428,1.0108446,0.9924764,0.9840508,0.94744056,0.935994,0.93849254,0.9214915,0.94347656,0.9175226,0.9174755,0.9182422,0.918315,0.9210824,0.90952045,0.9088853,0.90745115,0.8987864,0.88778394,0.86603415,0.85307765,0.8253283,0.8084915,0.7664116,0.75206304,0.72396624,0.6714095,0.64403886,0.582295,0.5529837,0.4904284,0.46640152,0.42009455,0.39810506,0.35245863,0.33092663,0.29650408,0.2783741,0.24985145,0.23026603,0.208748,0.19903389,0.18145427,0.17351612,0.15904236,0.14254189,0.13324085,0.1289103,0.12393254,0.11648239,0.10988644,0.10510601,0.102904774,0.09900358,0.09355849,0.08855931,0.088224456,0.08787901,0.08785024,0.087963335,0.08806879,0.08825146,0.08751883,0.08685219,0.086327344,0.08570908,0.08371155,0.08129013,0.07982372,0.0763336,0.07389016,0.07103663,0.06639756,0.063870445,0.05853013,0.05576475,0.05016823,0.047359046,0.042034104,0.039475515,0.034700785,0.03216994,0.028277127,0.026552139,0.023519095,0.021947386,0.019633707,0.018639414,0.016953627,0.016236763,0.015752029,0.014519079,0.0136278225,0.012854515,0.012441848,0.012065086,0.012015365,0.0120160235,0.0120940115,0.01637846,0.019011747,0.023543479,0.029915553,0.0421137,0.04482884,0.047512174,0.05099477,0.051476847,0.05062784,0.048223123,0.048072074,0.047426242,0.045897864,0.044825178,0.042531367,0.041273165,0.038589627,0.03721313,0.03450725,0.032464463,0.031231066,0.02924208,0.028187895,0.027375016,0.027180422,0.02712184,0.027224986,0.027772052,0.02808923,0.029008837,0.029350204,0.029709196,0.030416181,0.030772801,0.03140535,0.031736556,0.032439396,0.03274945,0.033362437,0.033699755,0.034357324,0.03468122,0.034901053,0.035556562,0.03586464,0.036350477,0.03665213,0.037244353,0.037403114,0.03798039
0.07058326,0.06883001,0.0680017,0.066440076,0.06621164,0.06545122,0.045533836,0.045107655,0.04559898,0.04583954,0.04513752,0.04500828,0.045013167,0.044284254,0.04643979,0.042972088,0.045358457,0.043033767,0.0417634,0.038763303,0.058164053,0.061898105,0.06240755,0.06398849,0.0696013,0.072143584,0.06777724,0.0760916,0.08637137,0.087893605,0.08711212,0.092507884,0.11068743,0.116893485,0.1257737,0.13157885,0.14505416,0.15322524,0.18055977,0.1944479,0.21717694,0.2610421,0.27897945,0.3160377,0.3371973,0.3826245,0.41189235,0.46217555,0.48841634,0.54979587,0.57779574,0.6637591,0.7019175,0.76257354,0.7934767,0.8562972,0.8876749,0.9447339,0.9867262,1.015037,1.0840337,1.1071589,1.148576,1.1779021,1.2157264,1.2255733,1.2392632,1.2431039,1.2402072,1.2400469,1.2376869,1.2324742,1.2187452,1.2091597,1.1931627,1.180124,1.1544259,1.1472641,1.121086,1.1076921,1.1310234,1.0693862,1.0559076,1.0657599,1.0552832,1.0351267,1.0255333,1.0211247,1.0129335,0.95820606,0.95355535,0.96755135,0.9646315,0.9314603,0.93141043,0.9312794,0.932466,0.93494874,0.936203,0.92285126,0.9217856,0.91327184,0.9080912,0.8970492,0.8863944,0.85575813,0.8402937,0.82310474,0.7793026,0.750486,0.6960349,0.6693862,0.604656,0.57847625,0.51556504,0.49123126,0.4440311,0.4203127,0.37411562,0.35089442,0.31447166,0.29790053,0.25921825,0.24654129,0.2188863,0.20825794,0.18904749,0.18032648,0.16411652,0.15734623,0.13580409,0.13117954,0.122625746,0.115110844,0.10984433,0.10745111,0.10523425,0.09640584,0.09490531,0.089760244,0.08963749,0.08967262,0.089791,0.09014207,0.09032927,0.089953996,0.089771315,0.08903321,0.08843457,0.08778351,0.086625695,0.08380384,0.08212511,0.07705719,0.074081436,0.06941181,0.066871904,0.061453428,0.058637396,0.052907668,0.05003568,0.044587404,0.04198469,0.03946382,0.034359314,0.032281026,0.02855597,0.026911229,0.024041679,0.022809891,0.020677399,0.019367268,0.017981194,0.017296437,0.01612091,0.015617795,0.014568925,0.013748497,0.013100016,0.012946173,0.013697179,0.012964231,0.016632834,0.017964749,0.020689173,0.028491572,0.032764636,0.044031497,0.047137972,0.05015624,0.05281189,0.054245014,0.05253257,0.050372608,0.049821623,0.04660567,0.045904826,0.04426957,0.043277964,0.041950613,0.03946946,0.03816024,0.03552439,0.033694893,0.031129869,0.030052053,0.028391957,0.027671056,0.027123494,0.027039072,0.027160753,0.027379654,0.027860604,0.028544616,0.029211784,0.029923242,0.030370513,0.03109034,0.031345505,0.03208596,0.032478638,0.0331277,0.033470415,0.03413965,0.034468006,0.034789767,0.035467926,0.035730373,0.036333993,0.03662847,0.03714826,0.03743429,0.037991762,0.038198106
0.07236094,0.07133196,0.06937144,0.06908486,0.06722079,0.06634481,0.065904684,0.043650083,0.0438863,0.043579817,0.04381191,0.043712456,0.043960925,0.04311552,0.045907624,0.045208443,0.04403735,0.042973105,0.040539645,0.038682666,0.06178753,0.06202345,0.06312995,0.06636663,0.063359104,0.07318461,0.083148316,0.08684356,0.09015012,0.09166669,0.0902851,0.09939413,0.098304346,0.118229106,0.122788526,0.13330686,0.14009775,0.15391923,0.17159417,0.19472866,0.2052414,0.25842696,0.27589884,0.31100643,0.3314096,0.37144595,0.40460443,0.45332196,0.4872104,0.5134406,0.59327805,0.62089944,0.6963005,0.7256989,0.78601277,0.81275654,0.8735724,0.90388906,0.97850925,1.0277547,1.0771636,1.0966649,1.1367064,1.1844637,1.213255,1.2215374,1.236684,1.2413534,1.2388086,1.260165,1.2441947,1.2373536,1.2320752,1.2166995,1.2144831,1.1963046,1.1838142,1.160958,1.1484888,1.1689904,1.1572679,1.1266068,1.1159717,1.0947723,1.1006457,1.0799943,1.0700648,1.0513495,1.0426989,0.97490203,1.0165391,0.9923967,0.9886881,0.9463283,0.9462695,0.9462837,0.94728035,0.95668066,0.95758843,0.9444665,0.9435414,0.9418342,0.92128384,0.9169609,0.90056854,0.8921951,0.8588673,0.8381666,0.8002094,0.77127254,0.7257375,0.7018719,0.6289744,0.6031267,0.5402856,0.51594275,0.4667459,0.44415185,0.40099406,0.3711676,0.33317426,0.31566185,0.27385968,0.260377,0.22962147,0.21812792,0.19717515,0.18761097,0.16954291,0.16217941,0.13870932,0.13375787,0.12040353,0.11739895,0.11191417,0.1094672,0.10527441,0.09812027,0.09198949,0.09207008,0.09223351,0.09275499,0.09306584,0.09248152,0.0927304,0.09230526,0.09209224,0.09124424,0.09057356,0.0898722,0.087131836,0.08442739,0.08267134,0.07867743,0.07532114,0.0701628,0.06724368,0.06160243,0.058688443,0.05281497,0.0499955,0.04457777,0.042008784,0.03727119,0.034576137,0.030644234,0.028939862,0.025964163,0.024671718,0.022454228,0.021495504,0.020946277,0.018950323,0.018298544,0.017165242,0.016668465,0.015734347,0.015410224,0.014503706,0.013863971,0.015147986,0.01596994,0.01900551,0.022868467,0.030394748,0.033293497,0.042659335,0.04617963,0.05455702,0.054828532,0.054615796,0.05499638,0.055029273,0.052438334,0.05193454,0.048655517,0.047860138,0.044278454,0.04344609,0.041438248,0.04008674,0.037593506,0.03631495,0.033800695,0.032048397,0.02977072,0.028852073,0.027500795,0.027063766,0.026875867,0.02679711,0.026901016,0.027485197,0.028120294,0.029260289,0.029621776,0.030362088,0.030715795,0.03150262,0.03187935,0.03251858,0.033004936,0.033697743,0.034034107,0.03443652,0.035150584,0.035456784,0.0360799,0.03637315,0.036942896,0.037221227,0.037776344,0.038043585,0.038560748
0.075426236,0.07304398,0.07271165,0.070409045,0.06931382,0.06726615,0.041597366,0.04182926,0.042299088,0.041689873,0.04214137,0.042366784,0.04204033,0.041979115,0.04499677,0.04431137,0.042762715,0.041642018,0.039302263,0.037406456,0.058006417,0.062262915,0.0519332,0.061086886,0.07440597,0.08282078,0.086760275,0.09275035,0.09242529,0.09023781,0.10046556,0.103258714,0.10158696,0.10474353,0.1249191,0.13062118,0.14139147,0.14764872,0.17236723,0.18560843,0.20603722,0.21582952,0.23708576,0.2465371,0.32139346,0.34168655,0.39623806,0.4193172,0.47830752,0.53628206,0.6042639,0.63001114,0.6929183,0.72012216,0.7759313,0.8054899,0.86502,0.8947878,0.95320106,1.0239698,1.0470515,1.0918331,1.1122296,1.1804494,1.196061,1.2199867,1.2299013,1.2436268,1.266277,1.26734,1.2660007,1.2447238,1.2406199,1.2268358,1.2321017,1.2102915,1.1984363,1.1773452,1.1654872,1.1996853,1.1889449,1.1600939,1.1689886,1.1481198,1.1376467,1.1165121,1.106236,1.0864809,1.0771596,1.0556847,1.0484867,1.0242684,1.0161698,1.0247377,1.0166963,1.0128492,0.9705565,0.9711299,0.9724293,0.9729554,0.958054,0.9565119,0.93404305,0.93023,0.91391814,0.91406244,0.8813897,0.85546356,0.8198837,0.80035937,0.74709415,0.7243737,0.6518708,0.6228886,0.5643255,0.5399825,0.49064195,0.4675502,0.42357588,0.40276575,0.3520927,0.33386603,0.2891466,0.2749052,0.24075797,0.22834253,0.20573224,0.196575,0.17795853,0.15940309,0.14188394,0.13319583,0.12323913,0.120065056,0.11434403,0.11183343,0.107644744,0.1001552,0.093647346,0.09390602,0.09462708,0.095033936,0.095855825,0.096223004,0.096081324,0.0959557,0.09523717,0.09348586,0.09271561,0.09025794,0.08907446,0.08598213,0.08436412,0.0785472,0.076025724,0.070553705,0.06766547,0.061699796,0.058691602,0.052784458,0.0499759,0.044608515,0.042106252,0.03682191,0.03482641,0.031273443,0.029430633,0.02662023,0.025405413,0.023703936,0.022813506,0.021269906,0.020600876,0.019421976,0.018297791,0.017352039,0.016869085,0.015737362,0.016114213,0.016918773,0.01676096,0.020891827,0.023343805,0.025691928,0.03365224,0.03812062,0.045479942,0.04865609,0.055761535,0.06016954,0.05630449,0.055948272,0.055568583,0.055030793,0.051800456,0.049053207,0.04761247,0.04652427,0.042553842,0.041653674,0.039496813,0.03814032,0.03565791,0.034420088,0.03192989,0.030386083,0.029313562,0.027620275,0.027008504,0.026249828,0.026333608,0.026492033,0.026778262,0.027473278,0.02878197,0.029520996,0.029541109,0.030416211,0.031101648,0.031875934,0.032117773,0.032711092,0.033418722,0.033761546,0.03456728,0.035003237,0.035602946,0.0358945,0.036560364,0.036835123,0.037366886,0.037709985,0.038215604,0.03845966
0.07733037,0.07698756,0.074393295,0.07306159,0.07053902,0.069902286,0.03992403,0.04014562,0.03948563,0.039924644,0.040151015,0.040141303,0.040519573,0.04434496,0.044224046,0.043041494,0.042408638,0.040301993,0.041613087,0.035943996,0.057865556,0.050712634,0.066967554,0.07390831,0.07752299,0.083014466,0.092944466,0.094888605,0.098686896,0.10209573,0.104481205,0.09590532,0.10479441,0.10820526,0.11241832,0.1323736,0.14261766,0.1485217,0.17779161,0.1859483,0.20431502,0.21363026,0.23391452,0.24272324,0.29545426,0.33307603,0.35327747,0.42170173,0.440486,0.5558959,0.5798518,0.6293121,0.6550219,0.7223954,0.74528074,0.8000542,0.8290357,0.886977,0.9476067,1.0012386,1.0465708,1.089849,1.1438965,1.1794969,1.1965319,1.2250897,1.2338941,1.2490946,1.2750257,1.2777925,1.2773613,1.2548414,1.2880918,1.2850269,1.2898653,1.2270265,1.2157043,1.1964656,1.1851405,1.2364076,1.2402068,1.2312012,1.2117819,1.2017759,1.1806351,1.1699072,1.1483003,1.1376281,1.1168728,1.1069589,1.1049274,1.0806173,1.0629082,1.0570465,1.0459388,1.0407081,0.98665273,0.986911,0.9873613,0.9873988,0.98001736,0.9805685,0.950103,0.947597,0.9342532,0.9263316,0.9015266,0.8953757,0.8460978,0.8283837,0.77557003,0.7543523,0.6796131,0.65559405,0.5954038,0.57162565,0.5243756,0.50128275,0.45638433,0.4350339,0.39474234,0.36132136,0.31270054,0.2973261,0.26903397,0.2441543,0.22085278,0.20954305,0.17672029,0.16779786,0.14487493,0.140227,0.12808803,0.12303774,0.11706764,0.11448642,0.10294681,0.102480985,0.0955095,0.095946155,0.096936144,0.09746241,0.10250006,0.102846704,0.10326483,0.09843977,0.097594075,0.09687634,0.09452053,0.09333461,0.09248628,0.08740737,0.08183646,0.07934044,0.07380328,0.07086319,0.06477234,0.061699286,0.05565374,0.05279747,0.047342803,0.0447261,0.042288963,0.037075788,0.035177436,0.0318267,0.030353725,0.028347077,0.026733447,0.024781283,0.02393514,0.022471083,0.021825548,0.020670649,0.020157926,0.019203754,0.018077128,0.017424952,0.017674822,0.018684626,0.019562224,0.02782384,0.026436726,0.033060644,0.03748357,0.046286367,0.050627578,0.05925169,0.06251958,0.06343988,0.06312842,0.061404694,0.056593157,0.05522316,0.054457016,0.0510386,0.047987036,0.04699132,0.04509855,0.041608054,0.039712843,0.038620975,0.03611617,0.034894414,0.032475483,0.031251356,0.02870662,0.027772753,0.026358113,0.02588217,0.0253606,0.025690878,0.026209477,0.026557522,0.02811974,0.02887458,0.02924434,0.029701177,0.03051007,0.031117447,0.03151932,0.03229199,0.032958373,0.03365345,0.03419787,0.03501027,0.035303324,0.035870086,0.036142606,0.036847275,0.037101045,0.037590034,0.037989777,0.03822129
0.08070751,0.07880819,0.07738678,0.07465443,0.07394249,0.07105513,0.03795758,0.037252996,0.037659142,0.03787219,0.03829751,0.038015474,0.03880182,0.043052454,0.042747684,0.04226208,0.040917076,0.04247455,0.040208075,0.03905497,0.048062336,0.06620384,0.07527052,0.07702314,0.08289695,0.08634475,0.09517889,0.09902883,0.10298317,0.10626677,0.107477605,0.09835097,0.10973192,0.11279724,0.11418455,0.13398364,0.13859619,0.15236491,0.16019565,0.18642436,0.19403648,0.21117745,0.21900298,0.2385521,0.24871919,0.3236486,0.35921803,0.44125688,0.51468897,0.55995387,0.5833008,0.6314546,0.6580398,0.7274727,0.75286967,0.80630803,0.82530624,0.8643455,0.94857216,0.9750992,1.0455401,1.066391,1.146398,1.167747,1.2017864,1.2170149,1.2438465,1.2508575,1.287594,1.2982985,1.3013471,1.2979252,1.2719874,1.3118707,1.3240298,1.322103,1.3088664,1.329476,1.3015555,1.297116,1.2883583,1.2799542,1.261355,1.2515265,1.2302618,1.2192613,1.196561,1.2110893,1.187348,1.1710277,1.128714,1.120931,1.1448187,1.0928178,1.0783452,1.0713125,1.0606283,1.0030702,1.0023121,1.0019258,0.9924405,0.99843127,0.9974589,0.97434,0.9517469,0.94477355,0.9194889,0.9075074,0.86117685,0.84444857,0.78149265,0.76374507,0.6981747,0.68354213,0.6281977,0.59160334,0.5449881,0.521867,0.47695917,0.45552844,0.41457662,0.37529525,0.3282257,0.3124616,0.2829782,0.25462812,0.2305426,0.20101683,0.18402493,0.16744925,0.15665813,0.14550528,0.1316281,0.12793708,0.12156841,0.118901655,0.106732644,0.10638688,0.09864136,0.09814335,0.09937688,0.10516245,0.10621482,0.106609665,0.106991686,0.106981166,0.10365119,0.102849,0.10193234,0.10020559,0.09612054,0.08789536,0.0867319,0.08002222,0.074161455,0.071097314,0.06480696,0.0616179,0.055683017,0.05284441,0.047501113,0.04504457,0.039511975,0.037426844,0.03398652,0.032479044,0.03054232,0.029418424,0.027462777,0.026613155,0.02512003,0.023771258,0.022558797,0.022009853,0.020992722,0.021374382,0.020650096,0.019948289,0.019899322,0.020671876,0.028800221,0.03231568,0.041255698,0.04364116,0.041975383,0.058764797,0.06187649,0.06873659,0.06669439,0.066777036,0.06614245,0.063834995,0.06265189,0.0570565,0.055550676,0.052099224,0.051429037,0.04734952,0.045686428,0.040223747,0.040225416,0.0376843,0.03654975,0.034037516,0.03283111,0.030466864,0.02922293,0.027018556,0.026218217,0.025061404,0.024707545,0.024390275,0.02516554,0.025840186,0.027261922,0.02728271,0.02830848,0.02879978,0.029703151,0.030291159,0.031132622,0.03153342,0.032286618,0.033362042,0.03399062,0.03428809,0.035140503,0.0354164,0.035941552,0.036446694,0.036931165,0.037165023,0.03760397,0.038058393
0.082868695,0.08225671,0.079058036,0.07790696,0.07485579,0.07342384,0.036133226,0.035389952,0.0357738,0.061340682,0.06006207,0.03626525,0.03665625,0.0409424,0.041379143,0.044357415,0.042543553,0.0407102,0.039747074,0.057759948,0.062068317,0.069217674,0.07672322,0.08276685,0.08619826,0.09748738,0.09942021,0.1032195,0.1071628,0.1084082,0.11163628,0.11017457,0.112548776,0.11411337,0.11699501,0.11832227,0.14374161,0.14791176,0.17382306,0.17845227,0.19221734,0.19879363,0.21558121,0.22456862,0.2435893,0.27223846,0.3843352,0.4209256,0.5228436,0.54485476,0.595194,0.618268,0.68839717,0.71250504,0.76171,0.7925326,0.84363943,0.87124735,0.95403266,0.9798412,1.0462706,1.06896,1.1589547,1.1773024,1.2114573,1.2269515,1.25453,1.2664292,1.3174565,1.3167813,1.3182007,1.317914,1.2877425,1.3444757,1.3592486,1.3804364,1.3821646,1.3823644,1.3531511,1.3503718,1.3431927,1.335457,1.3180038,1.3080707,1.2866448,1.3057022,1.2809173,1.2682467,1.2417479,1.2236181,1.1948621,1.2173755,1.1986717,1.1896343,1.1135976,1.1575878,1.0898623,1.0270821,1.0601122,1.0108728,1.0102985,1.0096459,1.0077041,0.9816858,0.96206594,0.950122,0.92941445,0.91778773,0.877135,0.86242765,0.7971542,0.7801644,0.7247318,0.6915143,0.64718056,0.62468255,0.563393,0.5405869,0.4961644,0.47458625,0.4336047,0.4141049,0.34348637,0.32735363,0.29699072,0.28279525,0.22812854,0.21762592,0.1869833,0.1802494,0.16598758,0.15539144,0.1352791,0.13141625,0.124763265,0.12201628,0.10946793,0.10919842,0.10782291,0.108691655,0.11040475,0.11118706,0.112416625,0.11066421,0.11102243,0.11093584,0.107478306,0.10648854,0.10517912,0.10324645,0.096956365,0.09431361,0.08660666,0.08370287,0.074562214,0.07126397,0.06472934,0.06166769,0.05575128,0.052947283,0.04774336,0.04538291,0.039889403,0.038117126,0.035933234,0.03407749,0.031653993,0.030611861,0.0287731,0.027971648,0.026540514,0.025888734,0.023974208,0.02341686,0.023247251,0.023101056,0.022660566,0.023062553,0.02562268,0.025765311,0.03339788,0.03771863,0.047978688,0.054266315,0.06618895,0.066004865,0.06863195,0.07531228,0.07403245,0.073121764,0.06830351,0.0705343,0.0642052,0.059148252,0.056820653,0.052936975,0.0515293,0.050748587,0.046186768,0.04430266,0.03887678,0.037789978,0.035576075,0.034415994,0.03191514,0.030743444,0.028354323,0.027209027,0.0261651,0.024660507,0.024125637,0.023487551,0.024034945,0.024612164,0.024897309,0.026041193,0.027199525,0.028205346,0.028673777,0.029149173,0.030155608,0.030984536,0.032001473,0.033027656,0.03333844,0.033929043,0.03421171,0.035087984,0.035342526,0.03582446,0.03637725,0.036601756,0.037020527,0.0375311
0.08994475,0.08686083,0.08171877,0.0786758,0.076955706,0.07370341,0.07225515,0.06923084,0.06781655,0.06136937,0.059984304,0.03456664,0.039172348,0.042181212,0.042951874,0.043029323,0.04061709,0.03983176,0.039024696,0.041438695,0.06538386,0.07054285,0.08286111,0.08626642,0.08964889,0.091370136,0.1037452,0.107781224,0.11137244,0.11310741,0.112627655,0.11443056,0.11512601,0.11667516,0.11955193,0.13126218,0.14372428,0.14772546,0.1626401,0.17705843,0.18882033,0.19597572,0.21171224,0.22015002,0.23794721,0.31214148,0.40508634,0.492512,0.5347556,0.56400347,0.5861399,0.63093716,0.70417905,0.7277397,0.7609944,0.8087493,0.8327646,0.883221,0.91031545,0.9935494,1.0228573,1.0771871,1.0964901,1.1919376,1.2093692,1.2414556,1.2651131,1.3105454,1.3325845,1.3348763,1.3366061,1.3382959,1.3049668,1.3758292,1.3975227,1.4266729,1.430298,1.4291955,1.4315213,1.424832,1.4050832,1.3981038,1.3812962,1.4060322,1.3840427,1.3719435,1.3455502,1.3314649,1.3630415,1.3461916,1.2942169,1.2826561,1.259283,1.2791775,1.2504927,1.2358458,1.1148838,1.0946836,1.0872935,1.083212,1.021458,1.0202618,1.0171573,1.0108277,0.975869,0.95782053,0.93751985,0.92637366,0.90185237,0.8702365,0.8328351,0.80385464,0.74068356,0.7065513,0.66360855,0.64169276,0.5795239,0.5571549,0.51328343,0.49199826,0.45112196,0.40917215,0.35640514,0.3404754,0.31027275,0.26377624,0.23996682,0.22866367,0.19795772,0.19059819,0.17436095,0.16849093,0.15186009,0.13491166,0.12800574,0.12518108,0.11232408,0.12013885,0.11174467,0.11281952,0.11482095,0.115677394,0.11700323,0.11742963,0.121453844,0.12123632,0.11371742,0.11224044,0.10863987,0.10650755,0.10350729,0.09657388,0.08801226,0.0849357,0.07473426,0.067988604,0.06483098,0.0587973,0.05585195,0.050523736,0.048074618,0.042151183,0.04035642,0.038335573,0.036973007,0.034607053,0.032904286,0.031030457,0.03020564,0.028724238,0.028050564,0.02680795,0.026227325,0.026132181,0.025047464,0.025606904,0.026280066,0.026157247,0.02882356,0.03728085,0.03891723,0.050046343,0.056005437,0.06969342,0.07558148,0.08119503,0.08213397,0.08149521,0.07976721,0.08350051,0.080387875,0.074905366,0.06721343,0.06558562,0.059261996,0.0539349,0.052572682,0.05177639,0.04677345,0.045899358,0.039025858,0.038039364,0.03584076,0.033768807,0.03223268,0.030949224,0.028544461,0.027360378,0.025219645,0.02437798,0.023103314,0.022678059,0.02245836,0.023321666,0.024142887,0.024725353,0.025858108,0.027010899,0.02737501,0.027878348,0.028827343,0.029880708,0.031522784,0.031850625,0.03287894,0.03316914,0.033719536,0.034370877,0.034622014,0.03509447,0.035697646,0.036116622,0.036312345,0.036678273
0.08775429,0.085901685,0.0822994,0.06503647,0.077624895,0.079544246,0.07248875,0.070792496,0.067610376,0.065979235,0.063418366,0.062063307,0.039724283,0.040277954,0.040742554,0.021679448,0.02217193,0.040069964,0.04110002,0.055097606,0.073335424,0.08729583,0.09077852,0.089825675,0.09148273,0.10442699,0.10852261,0.112138264,0.12113522,0.11397075,0.11629023,0.12343808,0.13011408,0.13096106,0.13225076,0.13308263,0.13353658,0.14837001,0.15666051,0.17432176,0.17992103,0.1927248,0.19987316,0.25896683,0.30497742,0.3288485,0.4100933,0.5089382,0.53952456,0.5824412,0.6043255,0.6486159,0.7020643,0.76054204,0.7837955,0.8307101,0.8541999,0.9390756,0.96166867,1.0398306,1.0602162,1.1212977,1.1455754,1.2120954,1.2290473,1.2735002,1.2853868,1.3066553,1.3502649,1.3554362,1.3576044,1.3604437,1.4135288,1.4297328,1.4371848,1.4546897,1.4628589,1.4771943,1.493765,1.491996,1.5150595,1.5042735,1.4975523,1.4796108,1.4691584,1.444545,1.430908,1.4743506,1.4568908,1.4263477,1.4528093,1.3937075,1.3781604,1.3470751,1.3311197,1.2974316,1.2812067,1.1280382,1.1171532,1.1112233,1.0318907,1.0300096,1.0309566,1.0179071,0.99421275,0.98189276,0.9680989,0.9606818,0.944895,0.89124805,0.8560678,0.82776695,0.77299,0.7559338,0.68300956,0.66215706,0.5985831,0.57718617,0.5349349,0.514201,0.46111473,0.44460353,0.38597488,0.37106666,0.31503806,0.30318832,0.24011223,0.23189475,0.2153213,0.20713523,0.20754385,0.19991168,0.15724848,0.15274067,0.12936586,0.12845305,0.12814191,0.124799386,0.129662,0.11738518,0.11962985,0.12678842,0.12741949,0.12797663,0.12785472,0.12422553,0.12320266,0.11966414,0.115833156,0.11238594,0.10730012,0.09263348,0.089514576,0.082961746,0.0773085,0.06807316,0.06491518,0.05893662,0.056142583,0.053518027,0.04849663,0.04409823,0.042286362,0.03940785,0.038168855,0.035978377,0.035021085,0.033314146,0.031738285,0.030310918,0.029647646,0.02840727,0.027819702,0.027723974,0.027846292,0.02829165,0.029214479,0.032116286,0.03257314,0.04328846,0.049223274,0.058582585,0.06537595,0.08023736,0.08619576,0.09649827,0.09692612,0.089631826,0.09772893,0.09048711,0.08666528,0.07998536,0.07459682,0.06721792,0.06149948,0.05939303,0.054636598,0.05218294,0.051246762,0.04637434,0.04471804,0.04322508,0.036162265,0.03288452,0.03158119,0.028774817,0.02870285,0.026254226,0.025157172,0.023279848,0.022625918,0.021558747,0.021306686,0.02151109,0.022773303,0.023956416,0.0245372,0.025578616,0.02593739,0.026994143,0.027480744,0.030316068,0.030661391,0.031310752,0.031612176,0.032335717,0.032879654,0.03338151,0.03404576,0.034271706,0.034690674,0.035313338,0.03568271,0.035847068
0.09089529,0.0732787,0.07192757,0.08488666,0.0830195,0.07928186,0.07747666,0.074033454,0.068600796,0.06545537,0.067442305,0.06815143,0.0657899,0.03827311,0.020755129,0.022066057,0.040367074,0.043230996,0.054148827,0.06365412,0.0965666,0.10364004,0.10798447,0.10979319,0.10755949,0.121380605,0.13354605,0.13438015,0.13596247,0.13479769,0.124973655,0.12489657,0.1290186,0.13029777,0.1336264,0.13621266,0.13610406,0.12908365,0.13599738,0.13656984,0.1772008,0.18294875,0.26280826,0.27221692,0.3173846,0.32973385,0.4388234,0.48564413,0.5625843,0.5838728,0.62723434,0.6492376,0.7434974,0.7659682,0.81202346,0.8350446,0.8815912,0.9126605,0.9871753,1.0067022,1.0425168,1.0636965,1.1674249,1.2372655,1.307268,1.2925249,1.3038958,1.3773761,1.4047731,1.4125303,1.4719557,1.4159671,1.4184692,1.4689398,1.4798309,1.5058725,1.5170258,1.5371752,1.5905597,1.6022344,1.5833707,1.5830989,1.5765854,1.5594646,1.5488867,1.5233406,1.5944172,1.5631889,1.5943458,1.5589938,1.5409603,1.4761275,1.4577813,1.4200412,1.3991903,1.3587948,1.3392894,1.274402,1.1573082,1.1417719,1.1353334,1.1141744,1.0445232,1.0369872,0.99115217,0.9842711,0.9693618,0.9613726,0.94448996,0.88995457,0.86241394,0.8323598,0.80206656,0.7603936,0.7238486,0.7049873,0.63462025,0.587448,0.54637843,0.5263004,0.4744939,0.45854783,0.39676526,0.3822037,0.3282235,0.3160393,0.25359794,0.24485251,0.22739126,0.2395563,0.22325252,0.21514085,0.19300504,0.17863958,0.15209197,0.14917514,0.1375408,0.14036289,0.13749681,0.13473172,0.13228391,0.13423425,0.13480599,0.13517365,0.13491663,0.13918352,0.13787603,0.1231318,0.121103615,0.117118694,0.11380779,0.09538176,0.09111566,0.08186822,0.07825403,0.06818397,0.065022245,0.06305036,0.059955392,0.054350518,0.04940029,0.045268096,0.04327543,0.0406479,0.039497618,0.03748877,0.036587585,0.03497416,0.03423765,0.03285416,0.031331666,0.030266056,0.029086474,0.03015292,0.030704787,0.033766188,0.033308633,0.03637473,0.04536819,0.051172454,0.06523435,0.073895656,0.0908957,0.092166826,0.1103358,0.108654656,0.118633516,0.1155359,0.10281378,0.098211884,0.08993865,0.086228274,0.07978945,0.070992306,0.06305819,0.061878987,0.05553747,0.054618925,0.051743254,0.04718579,0.045388855,0.044296887,0.03525117,0.03417007,0.030703811,0.029399091,0.0265004,0.026311113,0.02400402,0.023000548,0.021340586,0.020918412,0.020284556,0.020255499,0.021414159,0.022634326,0.02374479,0.024269065,0.024413554,0.02553062,0.028698402,0.02906419,0.02981121,0.030462524,0.030764502,0.03175141,0.032015786,0.03250682,0.033175867,0.033604994,0.033801086,0.034159075,0.034787077,0.035095148
0.075954914,0.07352538,0.068991326,0.066748075,0.06573974,0.05996302,0.059364013,0.05355491,0.04953548,0.047624238,0.051354725,0.046009976,0.018678907,0.019559033,0.021176929,0.021760363,0.043013584,0.05453157,0.07105173,0.08012552,0.08298063,0.10583314,0.116179645,0.11813151,0.12540387,0.1401966,0.13377777,0.13431773,0.1353995,0.13701653,0.1257691,0.12553698,0.13966766,0.13980561,0.13582398,0.13556999,0.13542104,0.12735085,0.135182,0.13585983,0.19343185,0.20666161,0.2721523,0.30662903,0.3359481,0.3474241,0.48204237,0.5142079,0.5522969,0.61134696,0.65480953,0.6920656,0.776871,0.7993142,0.8449677,0.863262,0.90322834,0.9346159,1.0066097,1.0257293,1.0638696,1.078816,1.1771584,1.2753167,1.3353232,1.3495541,1.3967469,1.4008646,1.4340976,1.5045396,1.5026491,1.5027386,1.4488913,1.55455,1.5400455,1.5535656,1.6012778,1.6318964,1.6527627,1.6627636,1.6696802,1.7420752,1.7554197,1.644478,1.63376,1.7115749,1.7441691,1.7105684,1.6922778,1.6540265,1.6342621,1.5905004,1.5659171,1.4957544,1.4717987,1.4240723,1.400952,1.3304738,1.2614648,1.1913376,1.1770396,1.1488498,1.0502142,1.0248053,1.0243827,0.98476154,0.977225,0.9801445,0.93452984,0.9236302,0.900454,0.8354502,0.8022027,0.78799593,0.7305572,0.71210325,0.6745286,0.62606573,0.555548,0.5177431,0.48609024,0.47078303,0.44629845,0.3982067,0.37724224,0.32301745,0.35446966,0.34673414,0.30977517,0.30010143,0.280637,0.25085476,0.2191392,0.18343824,0.19701488,0.15663387,0.15622872,0.15978119,0.16142194,0.1643259,0.1655557,0.14682986,0.14296378,0.15018152,0.14945954,0.1472742,0.14578283,0.12917691,0.12695089,0.12234264,0.118727155,0.10677286,0.10241797,0.08378714,0.07934612,0.07429424,0.070651844,0.06390336,0.06084158,0.055345267,0.04820012,0.04637675,0.043883797,0.042798948,0.04001957,0.03912006,0.037497975,0.036751375,0.03534505,0.03395539,0.033177774,0.03163336,0.03260048,0.032779045,0.036130358,0.03756063,0.043516498,0.047644846,0.054983202,0.062078126,0.0758979,0.08579927,0.110234365,0.10542884,0.123871796,0.12191696,0.13168643,0.1290082,0.11723134,0.10689694,0.09761215,0.09350384,0.08604123,0.07799207,0.06616635,0.064877845,0.062278405,0.05667358,0.05456243,0.052404683,0.046382874,0.045395244,0.043007266,0.034279678,0.032139067,0.030995408,0.027208477,0.025353061,0.022194926,0.022853205,0.02091178,0.02038332,0.019280555,0.019148631,0.020243742,0.021388028,0.022489356,0.023009242,0.022690618,0.02401966,0.028000796,0.028364958,0.029042076,0.029688349,0.030274834,0.030549088,0.03143152,0.031666454,0.03209598,0.032718893,0.033081446,0.033246506,0.033545267,0.03414902
0.08068519,0.07571486,0.06974961,0.06598627,0.062424902,0.054686587,0.05260099,0.047505043,0.04562511,0.045811743,0.00820547,0.012851548,0.013439241,0.019141868,0.020262785,0.038057648,0.039983954,0.07206109,0.081343696,0.085242465,0.08875725,0.096279755,0.097334616,0.12045779,0.113679595,0.13757479,0.13923247,0.136653,0.1381322,0.13864893,0.13768855,0.13561445,0.12773012,0.14118913,0.14084363,0.13367422,0.12654527,0.12499644,0.13240868,0.13736014,0.21207808,0.22721419,0.23983966,0.2998149,0.33860722,0.47065932,0.49117377,0.544857,0.5649578,0.6055815,0.6438312,0.67541915,0.7404514,0.8283032,0.8476654,0.89926,0.9189596,0.9585782,1.0085841,1.0463675,1.1291585,1.1623958,1.233744,1.3032273,1.3688858,1.3817382,1.4277546,1.445916,1.5107216,1.5363529,1.5337634,1.5213405,1.5990467,1.6206925,1.613779,1.6561544,1.6707339,1.6851017,1.7131183,1.7262068,1.7402482,1.7485803,1.8628155,1.9106014,1.8914596,1.8831809,1.8486762,1.8315287,1.7942697,1.7533981,1.7345754,1.6817085,1.6572509,1.6088316,1.547769,1.5805331,1.5507141,1.4928447,1.4478657,1.2805455,1.2652483,1.1076491,1.1012244,1.0826529,1.0777615,1.0089469,0.9988945,0.97998977,0.970207,0.92520475,0.90164316,0.8692979,0.8389277,0.79140496,0.7629715,0.7486021,0.715512,0.66081566,0.5704587,0.5558983,0.5227059,0.5185583,0.5077595,0.50095206,0.43123898,0.42613485,0.40880674,0.40103388,0.38438103,0.35582933,0.32333866,0.2872836,0.27918488,0.26314843,0.22478229,0.2160518,0.16902606,0.17256603,0.17417452,0.17694019,0.17806736,0.17701834,0.1756067,0.16424076,0.1634174,0.15611508,0.16280182,0.14842759,0.1334588,0.12810001,0.12417018,0.1109755,0.10152028,0.087889455,0.07973522,0.0758828,0.06877587,0.06494621,0.059104122,0.05324542,0.048961896,0.047674194,0.045418754,0.04442982,0.04264939,0.04090683,0.039367616,0.038638167,0.03679558,0.036406256,0.037671637,0.03741025,0.039957106,0.03844455,0.039994586,0.041867554,0.049309842,0.060693543,0.06823312,0.07199549,0.08786702,0.11554349,0.12608656,0.14836642,0.15134148,0.14828624,0.14515458,0.1348318,0.12794769,0.11598044,0.10612341,0.09736546,0.093287125,0.080961876,0.078454345,0.066978455,0.0655444,0.058060385,0.05691215,0.054432467,0.04758343,0.045529865,0.044413686,0.033439405,0.032341156,0.030132083,0.028974822,0.026431512,0.023139928,0.020161485,0.019064352,0.016646918,0.018435951,0.0187108,0.019236306,0.020330062,0.021345112,0.020582907,0.021200538,0.0269716,0.027501833,0.028205488,0.028530676,0.029363757,0.029643642,0.030154208,0.030696966,0.03113081,0.031329595,0.03168591,0.032232564,0.03252891,0.03266151,0.033338305
0.07458407,0.07298233,0.0698375,0.065568835,0.06252694,0.061044455,0.05808127,0.054639664,0.047075115,0.044026017,0.00879698,0.008588721,0.013964421,0.014645138,0.020410696,0.021302518,0.06140048,0.077859744,0.0889956,0.0878242,0.09748879,0.0986665,0.100878626,0.11565819,0.11759899,0.11857631,0.13996778,0.14621677,0.14764309,0.1476437,0.1375068,0.14723136,0.13289982,0.13114254,0.13009384,0.12908071,0.12936878,0.13081291,0.13079187,0.19577086,0.20492233,0.21439001,0.27002814,0.31679785,0.3395084,0.34805793,0.5148559,0.5768814,0.5983409,0.658972,0.67722106,0.7147642,0.7781086,0.85382926,0.88561594,0.92430425,0.94368035,0.98278886,1.0708022,1.1131005,1.1472489,1.188996,1.1848015,1.307498,1.3246045,1.4022913,1.4418106,1.4688543,1.5048976,1.531816,1.5309196,1.5492637,1.6369511,1.677478,1.7288358,1.7521716,1.778141,1.7985089,1.7901156,1.804628,1.8896527,1.9496852,1.9918269,2.0091736,2.0125763,2.0696235,2.039599,2.0098152,1.9631829,1.938309,1.8942201,1.8419985,1.8462795,1.8033286,1.7193087,1.6526326,1.619741,1.5794513,1.5488218,1.323836,1.3056294,1.2954338,1.1080625,1.0969187,1.0912617,1.0636919,0.998933,1.0042329,0.99244326,0.92764086,0.9159512,0.86601675,0.8399511,0.8264696,0.7987711,0.76239425,0.73521614,0.7078117,0.64328,0.64051574,0.6197346,0.5750707,0.56490356,0.5597357,0.49598747,0.45668462,0.4438334,0.43684402,0.42917264,0.3998789,0.39148128,0.34255677,0.30574092,0.28881598,0.2507669,0.23913626,0.22014585,0.2074736,0.18793361,0.21267925,0.21295594,0.21306993,0.18675715,0.18772034,0.18667327,0.18351261,0.17902902,0.17634939,0.13841611,0.1343635,0.120611526,0.115572974,0.10781273,0.08935864,0.08107762,0.077211685,0.07007941,0.066844955,0.057039436,0.05426246,0.05031077,0.049164128,0.047136478,0.046236504,0.044598434,0.04248896,0.041919854,0.040173758,0.039432626,0.041408025,0.041190453,0.04370564,0.044176247,0.045763493,0.044363465,0.049854692,0.053870752,0.07463779,0.08343468,0.103672825,0.10988029,0.13188738,0.1428174,0.16463882,0.16747354,0.17035702,0.16036585,0.14615405,0.13931048,0.12624507,0.12045116,0.1056943,0.101396054,0.087078504,0.07452845,0.073091865,0.06779517,0.06621021,0.05841865,0.057083555,0.048793465,0.046923287,0.04450335,0.043139536,0.03161335,0.030434495,0.028201938,0.026952425,0.0245029,0.023024205,0.020757271,0.019699337,0.015440824,0.017629435,0.018815719,0.019440765,0.020323519,0.019176245,0.020423764,0.026890697,0.02762552,0.027961163,0.028580226,0.028860575,0.029481798,0.029717831,0.03014361,0.03054191,0.030898178,0.031054357,0.0313331,0.03176773,0.031991143,0.03247088
0.06971449,0.06701134,0.0656841,0.060076516,0.058883585,0.05648379,0.052782413,0.050620865,0.049435496,0.014621738,0.014340009,0.017557118,0.018126758,0.019018551,0.015206247,0.055642635,0.07335782,0.080528766,0.0903648,0.09494619,0.096444376,0.10586657,0.10563168,0.11211642,0.12487683,0.12642163,0.1441826,0.14662129,0.14718743,0.14596196,0.14649425,0.143148,0.13958156,0.13770618,0.12709354,0.1343216,0.12593749,0.12693878,0.19295517,0.20350085,0.21399862,0.2245172,0.28280106,0.3039079,0.34807983,0.46655297,0.5178961,0.5439995,0.6071434,0.64911044,0.687714,0.7066839,0.7913332,0.8201171,0.85984856,0.91251874,0.9519242,0.98493934,1.0673102,1.09877,1.1726929,1.1808944,1.1985934,1.2913494,1.3065497,1.4238244,1.4619656,1.4763061,1.4838239,1.5635779,1.563582,1.4900409,1.5028787,1.7083123,1.7340236,1.7842194,1.803957,1.8352388,1.8585529,1.8867134,2.0289316,2.0528486,2.1387417,2.1608582,2.1773324,2.1804972,2.1553113,2.1727965,2.1330447,2.162378,2.1160183,2.0857904,2.027969,1.923749,1.8611459,1.8413577,1.7211945,1.6513683,1.6178563,1.3743492,1.3722913,1.3392766,1.3125628,1.2257634,1.1215147,1.0948772,1.0844575,1.0204223,0.99518794,0.9766972,0.91600287,0.8688888,0.8426317,0.82900417,0.8011115,0.7604025,0.71935034,0.71519005,0.69713855,0.69154197,0.63107896,0.62653303,0.5821933,0.5278335,0.5198452,0.5153122,0.4679648,0.46283606,0.45546684,0.43988296,0.43171185,0.39908037,0.39009783,0.34989733,0.319851,0.2948443,0.25738022,0.22382285,0.22651702,0.22892028,0.22914794,0.22910258,0.23124143,0.20209531,0.19930094,0.19734512,0.20263991,0.198872,0.17486179,0.16973941,0.13647276,0.12750883,0.11156706,0.10608373,0.08267553,0.078775175,0.071575105,0.06832114,0.06349793,0.061739754,0.05274039,0.049907587,0.049040146,0.04595896,0.045742515,0.045207635,0.04489338,0.052692227,0.049842745,0.049428284,0.049184866,0.04836106,0.049027923,0.051132627,0.051924467,0.056058824,0.065634035,0.08553989,0.095890574,0.12310405,0.14471336,0.1489026,0.17524683,0.18016738,0.18280275,0.17888385,0.18037532,0.15766984,0.14368722,0.13738114,0.12512545,0.11967119,0.10569378,0.09258788,0.07923849,0.07767243,0.074442774,0.070332244,0.06261918,0.060166612,0.05059971,0.048565354,0.046111483,0.044694163,0.03164487,0.030717699,0.028596545,0.026128158,0.024895592,0.022785593,0.021429854,0.019426253,0.018511355,0.014641082,0.017811932,0.019039309,0.019497128,0.018542772,0.019170135,0.02750889,0.027860828,0.02834156,0.02863172,0.029155482,0.02933739,0.02976416,0.029952733,0.030283222,0.030511597,0.03077691,0.030889856,0.031288885,0.031377126,0.031518668
0.063074246,0.06185863,0.056591675,0.05549185,0.05335279,0.04979177,0.047879398,0.046953626,0.044971846,0.04158585,0.014563438,0.01758142,0.017553983,0.01831473,0.031025665,0.051631678,0.06983098,0.078961685,0.093020976,0.09602048,0.10356463,0.1061214,0.10885586,0.11959121,0.12780666,0.12915249,0.13080329,0.12781508,0.14509211,0.14311425,0.14857781,0.13912313,0.13730566,0.13347653,0.14202343,0.117633805,0.110644214,0.11285064,0.18376432,0.20446327,0.21551576,0.26431003,0.28410178,0.31624007,0.34623006,0.49036145,0.51819146,0.5760091,0.59845245,0.64300346,0.7052437,0.7309626,0.81536764,0.83504105,0.87547165,0.89401263,0.9864054,1.0150176,1.0706838,1.091779,1.1464949,1.1629187,1.1929154,1.2999865,1.3963386,1.4097579,1.4645174,1.471725,1.486439,1.5694736,1.5689697,1.569249,1.655967,1.7003146,1.7477019,1.8050067,1.853466,1.899331,1.9329009,2.109126,2.1438446,2.1816845,2.2091575,2.2308636,2.2329884,2.2236392,2.2734272,2.2885695,2.2536325,2.2336931,2.190544,2.167777,2.1238163,2.1009724,1.9468746,1.9097924,1.7983078,1.7794901,1.7012919,1.4894766,1.40294,1.3711497,1.3374647,1.2905186,1.2694945,1.1297857,1.1190023,1.0811136,1.0695744,0.9830916,0.97317475,0.8732884,0.8602816,0.8332657,0.8052559,0.77813363,0.72915316,0.7198141,0.7028336,0.6976465,0.68897206,0.6391042,0.5910205,0.5504476,0.5435804,0.53962564,0.51267874,0.47658652,0.47060072,0.48066524,0.4735712,0.43582892,0.42781898,0.423061,0.38744128,0.39718023,0.35365936,0.2906628,0.27986982,0.25585818,0.25695696,0.24819262,0.24617088,0.24318467,0.2241293,0.2215316,0.22792965,0.22625315,0.21230014,0.19235058,0.15956017,0.13622352,0.11766995,0.10983287,0.084492855,0.07675469,0.07324602,0.06800493,0.066143624,0.05581681,0.05496631,0.05340691,0.049534265,0.04919032,0.048964314,0.054721992,0.058848415,0.058829043,0.058746226,0.058440167,0.054975696,0.05154869,0.055777483,0.057290535,0.070253216,0.07537402,0.09163988,0.09742986,0.12362655,0.13926776,0.16172339,0.1766732,0.1983891,0.19469877,0.19214542,0.19067983,0.19166082,0.18395065,0.1546257,0.14801028,0.13569057,0.12441166,0.11939562,0.09657123,0.08447273,0.08110515,0.07942011,0.076722,0.066181585,0.06342,0.061946902,0.050357435,0.048016436,0.044987857,0.03161601,0.02986269,0.02890607,0.026551716,0.025359642,0.0230891,0.02200735,0.020113377,0.01922357,0.01502974,0.014899362,0.0226877,0.01900135,0.016906716,0.027310409,0.028090049,0.028771617,0.02874481,0.02929303,0.029532801,0.029951544,0.029920077,0.030243738,0.030380664,0.03053841,0.03064248,0.030809632,0.030939182,0.031058425,0.031102741
0.0637975,0.061615653,0.05785087,0.055822905,0.05482735,0.050685838,0.049786672,0.042271633,0.02121813,0.020436516,0.020049347,0.017331522,0.017294234,0.017797386,0.026699556,0.032156777,0.06978053,0.074968,0.090174064,0.0937552,0.102939166,0.10542093,0.119041696,0.1205328,0.12627633,0.12813434,0.14015965,0.13739085,0.13477655,0.13308603,0.14456452,0.14298546,0.13959976,0.11975933,0.115179166,0.11511541,0.11536005,0.12703921,0.18602034,0.21038379,0.22161321,0.24785344,0.30351394,0.33070058,0.43748808,0.50139266,0.52444947,0.58466476,0.6075286,0.66061884,0.67969656,0.73756695,0.7533172,0.8405262,0.8628533,0.89922476,0.9753223,1.0213181,1.0453435,1.1038735,1.1638502,1.1796571,1.2392809,1.2976354,1.3987254,1.4118128,1.459615,1.4668953,1.4813265,1.4846152,1.5206362,1.5268122,1.7000583,1.6730467,1.7305582,1.8240666,1.8308583,1.8881943,1.9103057,2.0972092,2.130811,2.1954572,2.2260885,2.311231,2.3347325,2.340497,2.3398764,2.3322852,2.3252885,2.293487,2.2532423,2.2316737,2.18601,2.1770387,2.1051424,2.038852,1.8760426,1.8565354,1.6253593,1.6234423,1.523876,1.448678,1.4180921,1.3150285,1.293074,1.1502241,1.1389527,1.1156356,1.1181878,1.0214164,1.0120595,0.9661481,0.9534366,0.86554664,0.8370498,0.770021,0.7344603,0.7253831,0.7095721,0.7046903,0.6967332,0.69360155,0.6113073,0.60949296,0.59152067,0.58881927,0.5822202,0.50273734,0.52479804,0.512232,0.5054479,0.51150596,0.46457246,0.44380724,0.43507436,0.41400972,0.40765092,0.37439564,0.30958417,0.30927238,0.3081005,0.29029888,0.28900835,0.26830444,0.25220376,0.2491175,0.25271127,0.24812715,0.21797055,0.21281011,0.16776021,0.15594923,0.11948017,0.11007908,0.09416544,0.083931245,0.080326386,0.073021844,0.061640427,0.06458212,0.06329453,0.058979593,0.058571786,0.06369604,0.06057459,0.065790296,0.0659754,0.066001736,0.06589679,0.06576481,0.06097018,0.057609007,0.06637066,0.06828118,0.079536945,0.08548267,0.10618851,0.11264599,0.13910893,0.15570676,0.17779075,0.19550894,0.21021414,0.2107286,0.20314004,0.21029563,0.20228854,0.18719395,0.18012542,0.15216133,0.14613114,0.1346668,0.12926172,0.119594075,0.09019771,0.08660052,0.084810704,0.08212381,0.07098993,0.06728345,0.06407212,0.052708108,0.049807116,0.04701244,0.030771762,0.029920248,0.02814305,0.026963001,0.024649959,0.023507524,0.021606607,0.020654047,0.019078374,0.015445396,0.015533663,0.023881726,0.024997557,0.02541574,0.02891496,0.028996807,0.02969175,0.030001812,0.030037886,0.03027378,0.030671515,0.030436916,0.030724397,0.030940492,0.031021468,0.030911542,0.030963002,0.031028567,0.03096258,0.03098685
0.058325913,0.05500495,0.053144675,0.052226435,0.050424006,0.04771075,0.02283077,0.022852277,0.022015983,0.02112927,0.020675968,0.01996262,0.019550864,0.023608167,0.024714055,0.027744481,0.05964076,0.07381628,0.08114782,0.100839585,0.10401417,0.1054092,0.10736484,0.11863154,0.1339258,0.1394933,0.13950339,0.1363902,0.13370945,0.1313682,0.14825153,0.14584106,0.14596863,0.1271541,0.1261574,0.123959,0.12759914,0.1289677,0.20574568,0.21481138,0.23598535,0.2531026,0.31219897,0.33040473,0.44332874,0.4705635,0.526275,0.55470514,0.5973689,0.6199708,0.6733683,0.6921228,0.7486824,0.8315366,0.8503293,0.9522325,0.97171116,1.0196663,1.0449483,1.1087868,1.1407607,1.1730584,1.271795,1.3531133,1.4272473,1.4442314,1.4511634,1.4534143,1.4878118,1.4923062,1.5081846,1.514125,1.6688275,1.6943521,1.739769,1.7508254,1.7972137,1.8281698,2.0033708,2.1228864,2.1295424,2.2291095,2.260368,2.3186452,2.3469825,2.3957818,2.3649962,2.3634355,2.3572612,2.3394365,2.3255727,2.286488,2.243584,2.2207892,2.1527028,2.1537032,2.065572,1.9315422,1.6935452,1.6754892,1.5580244,1.5220629,1.4250934,1.3750477,1.2487009,1.2300423,1.1610537,1.1530054,1.1413231,1.0640274,1.055959,0.9867553,0.9740746,0.9145884,0.8822663,0.8255696,0.74066496,0.72795445,0.71709627,0.7125327,0.72845614,0.7267363,0.719925,0.66401935,0.64239883,0.6197624,0.61741775,0.6114643,0.594104,0.5719102,0.56585306,0.5508612,0.5426904,0.477856,0.4491994,0.4344907,0.42775,0.39451113,0.32246336,0.32471436,0.32112703,0.31915545,0.30086356,0.29988495,0.28509274,0.27741495,0.26525676,0.2626015,0.25150776,0.22447132,0.1922443,0.16946612,0.1627557,0.12867191,0.111785494,0.09895427,0.095223896,0.08599857,0.072146155,0.0690976,0.06380864,0.06340965,0.07260143,0.07239366,0.07816584,0.073917314,0.07425726,0.07435397,0.07437195,0.07429271,0.078725345,0.078597166,0.07935939,0.07705257,0.08980436,0.11283652,0.1188859,0.14963332,0.16747256,0.18485636,0.19416869,0.22049056,0.22070941,0.22067836,0.21336888,0.2181331,0.21220204,0.19720393,0.1833799,0.16735432,0.15034606,0.14489709,0.13419008,0.12922397,0.110635206,0.09257554,0.08877598,0.08684158,0.08374279,0.0716982,0.068228714,0.06642169,0.052440535,0.049352888,0.045855727,0.029145364,0.028280022,0.02816866,0.0251218,0.022907613,0.021876441,0.02038754,0.026688598,0.027361048,0.028072815,0.026334532,0.02632888,0.030084832,0.028096832,0.03043401,0.030927815,0.031539045,0.031130584,0.03157023,0.031753547,0.03203985,0.03158411,0.03176143,0.031863023,0.03146554,0.031489726,0.031496044,0.03145376,0.03117955
0.05715405,0.053416207,0.052605994,0.051004905,0.048594963,0.04441093,0.023717113,0.023548095,0.022568675,0.022083662,0.021119783,0.02087478,0.019945497,0.019891195,0.0243213,0.025723897,0.039530993,0.06328385,0.079446204,0.09221204,0.10177819,0.10283214,0.119398266,0.12190486,0.12482728,0.12703457,0.13391419,0.15033308,0.13056515,0.15161756,0.15071738,0.14876549,0.13331243,0.13116993,0.13017428,0.12796403,0.12906311,0.13184465,0.19850776,0.2189153,0.23100165,0.25756142,0.27368972,0.33384565,0.34905457,0.4196272,0.5234164,0.54591405,0.5900127,0.6634877,0.6983344,0.7156309,0.76336116,0.82179224,0.83330613,0.9005191,0.96808463,0.9912917,1.0395856,1.0892142,1.1243418,1.3074917,1.320868,1.3854852,1.3970101,1.4306893,1.4328071,1.4487311,1.470176,1.4795866,1.5325431,1.5962266,1.6787776,1.6912276,1.6991184,1.7210729,1.8421078,1.8660834,1.9406697,2.068752,2.13946,2.1172373,2.244621,2.31107,2.3419333,2.3832493,2.3922212,2.4021637,2.4036307,2.3803034,2.3663504,2.3348825,2.3294587,2.2719278,2.2342465,2.1892798,2.1146343,2.0614831,1.7657937,1.7339936,1.6315011,1.6001017,1.4520643,1.4261416,1.2895999,1.273059,1.2631705,1.1779552,1.1662115,1.08426,1.129741,1.0460076,1.0337102,1.0077485,0.99649936,0.9157712,0.85615087,0.82795006,0.81454504,0.76751596,0.7625923,0.76054156,0.75413054,0.74151605,0.716673,0.7105364,0.68673223,0.66315705,0.65172577,0.6201126,0.6061401,0.5748971,0.57931,0.5614447,0.5147426,0.49541646,0.47761676,0.4550954,0.34001914,0.3379217,0.33332875,0.3308124,0.3095023,0.30823898,0.3087093,0.30401918,0.2763583,0.27247417,0.2601561,0.24040605,0.21208455,0.17826453,0.17139217,0.13716868,0.13205071,0.10716906,0.10326835,0.09715441,0.078127794,0.07393462,0.080196895,0.07961282,0.08077782,0.08793922,0.088203326,0.08858523,0.08917857,0.08404928,0.089394264,0.0894035,0.08939568,0.089208096,0.08937158,0.09574972,0.10113255,0.1270794,0.13876171,0.16453281,0.18268469,0.2093936,0.20684871,0.22881421,0.2338701,0.23180959,0.22185962,0.22761573,0.2137352,0.20645764,0.19266003,0.18621656,0.16467476,0.15441193,0.14425607,0.13916643,0.105428934,0.10025353,0.09497594,0.093735136,0.09145684,0.08038234,0.07286263,0.06896529,0.055180002,0.05156934,0.048282765,0.029262017,0.028431658,0.03339765,0.027439503,0.02567494,0.021355182,0.020657584,0.028581262,0.025366146,0.029887673,0.030673817,0.030990366,0.03181765,0.032808132,0.029949911,0.034826014,0.03512088,0.035621967,0.032993346,0.033326287,0.033454746,0.033633266,0.03295775,0.03301883,0.032406144,0.03238616,0.032353073,0.032245476,0.03174859
0.053241737,0.050946366,0.049436085,0.04794883,0.02941477,0.028383428,0.027858244,0.024243444,0.023719188,0.02267513,0.02246914,0.021399321,0.02087141,0.020310309,0.026669927,0.025240267,0.036823615,0.042065665,0.065400735,0.08893678,0.0905047,0.10447466,0.10725139,0.11641073,0.11920124,0.12274917,0.1493156,0.14998938,0.1519069,0.15286322,0.13782379,0.1327472,0.13777491,0.13695572,0.13502881,0.13664484,0.13417587,0.17986315,0.20272745,0.22267912,0.24119866,0.26873744,0.28018335,0.33764592,0.3768212,0.43016,0.44594133,0.6080745,0.6218848,0.6547862,0.67105323,0.7030854,0.7189917,0.7908883,0.8802056,0.9038584,0.9692083,0.96660084,1.0163009,1.0641962,1.1375477,1.3512807,1.353222,1.3684658,1.3953502,1.4440602,1.448358,1.5482682,1.5512347,1.5564258,1.5586988,1.5211763,1.5582335,1.6510308,1.671269,1.6635622,1.7039059,1.803242,1.8586892,1.8953146,2.085835,2.160408,2.2308607,2.2591987,2.3658361,2.4205081,2.4114456,2.392067,2.3957727,2.461133,2.4516957,2.4339917,2.3481355,2.3260562,2.2972174,2.2982187,2.0305698,1.9932727,1.8583833,1.8276885,1.7263988,1.6122223,1.5485592,1.5162977,1.3713851,1.3702285,1.2824214,1.2753471,1.2312447,1.1687427,1.1554202,1.1348286,1.1302216,1.0840582,1.0763665,1.0429265,0.95711106,0.9290985,0.91592664,0.849838,0.84157944,0.8377343,0.8417472,0.8406252,0.79046315,0.7896764,0.78909284,0.71593,0.7126405,0.7021301,0.6781867,0.6293685,0.62167853,0.5918938,0.5705861,0.5147666,0.46808332,0.42979798,0.36840448,0.36638504,0.35940477,0.35573667,0.35431635,0.34923914,0.3285137,0.31575248,0.29615885,0.2811129,0.27623498,0.26611087,0.22656345,0.1869562,0.1787913,0.16580062,0.13598312,0.1275423,0.10832203,0.12291253,0.10155084,0.11137518,0.08912253,0.08837227,0.1074227,0.106232956,0.11431685,0.113552436,0.106814355,0.10734989,0.101184115,0.10137657,0.101448774,0.10138936,0.100480765,0.120132565,0.13538593,0.141853,0.16815363,0.19932471,0.22010727,0.22723322,0.22648709,0.22718476,0.24205592,0.23951802,0.22796023,0.23636082,0.22045803,0.20795456,0.20125812,0.1887906,0.17873685,0.16272698,0.15334117,0.14432414,0.12649325,0.1086593,0.10156036,0.09734768,0.09833311,0.085949704,0.08235478,0.07358289,0.06419136,0.062502295,0.050460294,0.03720375,0.035708923,0.034753025,0.027237257,0.026152484,0.024533968,0.031224497,0.0325091,0.026330497,0.031140825,0.036121804,0.036769167,0.034172624,0.0348137,0.035885654,0.032933146,0.035341404,0.03732275,0.037708048,0.0369629,0.037164964,0.037222724,0.03453412,0.034534093,0.0344835,0.03365495,0.034462538,0.03429927,0.03325859
0.038726646,0.0374163,0.036149073,0.0368561,0.030784177,0.030226743,0.02981091,0.029238697,0.025195245,0.025314854,0.024023775,0.023385393,0.02212503,0.02206137,0.027084993,0.027775163,0.02942832,0.038787536,0.06777906,0.073094085,0.0948388,0.100902155,0.10375976,0.10663056,0.1242204,0.13937014,0.14116265,0.14579782,0.1470274,0.14832897,0.13614464,0.13641126,0.13648635,0.13657674,0.13901347,0.14967583,0.1450819,0.21032351,0.22625321,0.26143235,0.2750603,0.289524,0.29484195,0.3759731,0.4034662,0.4171613,0.4723319,0.48320353,0.6235829,0.6524662,0.6665209,0.69439536,0.7106088,0.7368772,0.79951924,0.91272247,0.9332496,0.9461791,1.0116841,1.1837538,1.2009784,1.2239665,1.3559769,1.373298,1.4005843,1.4475703,1.4986346,1.5032442,1.5470116,1.5525851,1.4977175,1.5053141,1.5183591,1.5782906,1.5891078,1.6228862,1.7035067,1.7573419,1.7631189,1.8248851,2.0277507,2.1094143,2.2122178,2.3026006,2.3746932,2.3943686,2.431484,2.4456928,2.461007,2.4681275,2.519545,2.5026574,2.4891376,2.3705456,2.3482397,2.3007226,2.1237257,2.0481334,1.971021,1.8194859,1.75264,1.7212247,1.651443,1.5173509,1.47589,1.4559795,1.3801669,1.2751839,1.2598675,1.2288883,1.2322981,1.1629615,1.1397545,1.1257324,1.1005062,1.0828837,1.037193,0.9866186,0.9528608,0.94586945,0.94778395,0.9156564,0.87873304,0.8763783,0.8761763,0.8264411,0.8249984,0.79531634,0.7880758,0.71826965,0.6939089,0.67959136,0.60658467,0.58554524,0.5647771,0.5148544,0.45414117,0.41025263,0.3795992,0.3647082,0.36962515,0.38524258,0.35716242,0.3341155,0.32327178,0.31899542,0.3169423,0.2958158,0.29239538,0.2844261,0.26443765,0.2136057,0.18517965,0.17408024,0.17116855,0.16389008,0.16007124,0.1567846,0.1642616,0.15289411,0.130794,0.12824349,0.12009693,0.12950723,0.12920988,0.12839979,0.1203267,0.12111159,0.121408135,0.11473332,0.11481133,0.11695579,0.13622372,0.1404166,0.16342826,0.17555888,0.20866658,0.22190285,0.23619063,0.24291152,0.23224977,0.23838368,0.244913,0.23908575,0.2369467,0.23453608,0.22831014,0.21634696,0.20805897,0.19669145,0.1860282,0.1765346,0.16149262,0.15295327,0.11622621,0.11486568,0.11333896,0.104087695,0.10313653,0.09681062,0.09381583,0.08325071,0.073212184,0.07172926,0.063004404,0.043809973,0.037215758,0.0353486,0.027725928,0.02614818,0.024788205,0.032703213,0.03338263,0.035592023,0.03606952,0.0372651,0.038360916,0.03905422,0.036783174,0.037940145,0.0389591,0.03799671,0.038210064,0.038257804,0.038932923,0.039018676,0.039098144,0.038137335,0.038072407,0.037884682,0.0374846,0.03624982,0.035829946,0.035602964
0.04180182,0.040372804,0.039680693,0.039861858,0.039145574,0.03173311,0.035523865,0.033874437,0.027447272,0.026876431,0.02616133,0.02474034,0.024721641,0.023258982,0.022539169,0.017930113,0.028278958,0.039598152,0.06427672,0.066435605,0.09096177,0.09406647,0.10014339,0.11641411,0.123396486,0.12672284,0.14088988,0.14375639,0.14754248,0.1493058,0.14002657,0.14054872,0.14157788,0.14192615,0.14919929,0.16866481,0.16974996,0.19181888,0.25653476,0.31715596,0.28277937,0.36498946,0.40135822,0.4219946,0.444983,0.45630938,0.47456476,0.5086692,0.61276716,0.6275698,0.65186596,0.6639751,0.709892,0.7061272,0.7959749,0.8858705,0.9247931,1.0679809,1.1044462,1.1608174,1.1886469,1.2079432,1.327647,1.36424,1.397489,1.4917052,1.5037931,1.5086561,1.5120418,1.5144736,1.5034102,1.5061774,1.5145874,1.4946269,1.4837129,1.6380919,1.6660851,1.692174,1.7167025,1.8094078,1.9833456,2.051015,2.1544142,2.2498455,2.3127618,2.3425238,2.366522,2.390371,2.4582233,2.4637718,2.485142,2.4676454,2.4572706,2.3355281,2.3163521,2.1226382,2.104908,2.055272,2.0220535,1.9506146,1.7943183,1.7611194,1.6978797,1.551642,1.5091774,1.4889102,1.4504625,1.3192836,1.3068068,1.2767866,1.2629814,1.1921953,1.1891658,1.1836039,1.1474459,1.1237139,1.0807025,1.0541447,0.99238497,0.9847906,0.98685896,0.97317034,0.9598459,0.91773933,0.90728426,0.9061867,0.8981058,0.8738239,0.86958855,0.79939485,0.6832456,0.6644453,0.66540396,0.61036974,0.58814436,0.5337847,0.4677307,0.42789713,0.3757046,0.37189865,0.36443081,0.3463446,0.3757559,0.34456602,0.32565135,0.32159078,0.30407995,0.30002072,0.2981006,0.2691209,0.2794076,0.254622,0.23997441,0.23656705,0.22187018,0.21047756,0.2023324,0.19942668,0.18885274,0.16674429,0.1646241,0.1643369,0.1637808,0.15457875,0.15395771,0.15424596,0.15381192,0.1594938,0.16121732,0.16203068,0.19683313,0.1858238,0.18634659,0.19048283,0.17825928,0.18850031,0.23062105,0.24949752,0.24356738,0.2491832,0.2481698,0.23928088,0.23737897,0.24319644,0.23768805,0.23058975,0.23011383,0.22496587,0.20771807,0.20262924,0.1876677,0.18315661,0.1751174,0.1682688,0.12628895,0.12537791,0.12209585,0.11648542,0.110746115,0.10205556,0.100451276,0.097143,0.0779829,0.07470593,0.073102795,0.05917531,0.0441673,0.037091788,0.034632806,0.033938143,0.025755512,0.024970595,0.03542363,0.036497343,0.037887044,0.038703173,0.040635332,0.04063745,0.042076528,0.042642497,0.043694023,0.042811103,0.040910397,0.041075617,0.041103657,0.03959633,0.041213915,0.041174684,0.04003929,0.03985481,0.039726205,0.0381351,0.03788741,0.037356433
0.045327667,0.044553563,0.04301666,0.041151676,0.03973314,0.040568113,0.038738627,0.037817035,0.03597018,0.03657722,0.027765116,0.03500111,0.026153002,0.025349826,0.023637196,0.02297038,0.020846505,0.038061835,0.05087821,0.07157901,0.08105069,0.0900512,0.10715489,0.11534692,0.1193122,0.12739553,0.1313218,0.13699035,0.14887966,0.15140857,0.15114939,0.15261301,0.14719748,0.17469506,0.17868131,0.18041296,0.19942775,0.21151741,0.3121575,0.33706763,0.3547214,0.39333186,0.41273353,0.43970186,0.44574186,0.4671237,0.48314378,0.5122332,0.5168063,0.52343297,0.63716763,0.6711464,0.6918341,0.718264,0.8383992,0.88116544,1.0100168,1.0324064,1.0806808,1.1457877,1.1464051,1.1997287,1.2861478,1.3377041,1.4286985,1.4960747,1.50336,1.5154912,1.4737264,1.5166616,1.5192835,1.5192504,1.5161669,1.5027394,1.4785349,1.5184345,1.6089966,1.687211,1.7140173,1.7579108,1.791866,1.9969587,2.0705643,2.1867542,2.1836383,2.2343304,2.2894807,2.3318405,2.439843,2.4531384,2.445426,2.4401321,2.392814,2.224217,2.2147238,2.1643393,2.1427865,2.0639818,2.0296757,1.9615462,1.8534659,1.7780938,1.7165985,1.5851365,1.5419409,1.5212127,1.4464049,1.4213148,1.3434584,1.3206145,1.2892168,1.2195098,1.2173178,1.2134593,1.2118512,1.1629744,1.1472764,1.0987233,1.051231,1.0432864,1.0204363,1.0123632,0.99715835,0.98983985,0.95051503,0.9320145,0.92288977,0.89684117,0.89218485,0.83429176,0.7608691,0.7414194,0.6609039,0.64815414,0.58003354,0.56762403,0.4772599,0.46968186,0.41160813,0.36365455,0.36683112,0.34318975,0.34081134,0.34376436,0.32007623,0.32200098,0.3363751,0.3169387,0.30188063,0.2955477,0.2725732,0.286278,0.27930236,0.24565086,0.23967259,0.24851923,0.21913046,0.20833595,0.20602366,0.18333346,0.18112415,0.18101187,0.18045437,0.17917289,0.1795521,0.1706042,0.17677039,0.17786986,0.21805471,0.2395163,0.24068186,0.24115671,0.22703587,0.2139135,0.22085848,0.24306637,0.23319073,0.2571754,0.2590239,0.2501219,0.2539388,0.24880604,0.23473774,0.24231367,0.2323021,0.226871,0.23167887,0.22662626,0.21720783,0.21201254,0.19204189,0.18488005,0.18110283,0.15865235,0.1549063,0.1301043,0.1288513,0.12300803,0.11800622,0.10900171,0.1057009,0.103950664,0.08392467,0.07954565,0.09070641,0.08882062,0.062449772,0.05366496,0.03682968,0.036116615,0.022634888,0.025977263,0.036586165,0.042379763,0.039859075,0.04115375,0.042063057,0.043537937,0.047167964,0.045205887,0.045703776,0.04339903,0.042853355,0.043422103,0.04385102,0.04247968,0.040473577,0.040416963,0.04022564,0.04205786,0.041729297,0.04045774,0.039937392,0.03963917
0.070693746,0.06551836,0.067576386,0.044312995,0.04358365,0.043194275,0.042305853,0.04050545,0.040797554,0.0389284,0.037993167,0.040796027,0.039896175,0.037739035,0.028219454,0.027418453,0.025129478,0.034399252,0.04877188,0.05761695,0.081334025,0.08082455,0.105538145,0.11041024,0.11932366,0.124199696,0.13242619,0.13872777,0.14157578,0.15461276,0.1571733,0.17625472,0.18544813,0.18766733,0.20435236,0.21160991,0.21822545,0.27586535,0.2961946,0.3032074,0.38248628,0.40200195,0.4262028,0.4386813,0.46406126,0.47694692,0.49575058,0.5025632,0.50487727,0.52755785,0.55364704,0.57384485,0.6902791,0.69995105,0.79413354,0.9470814,1.004552,1.0282428,1.0790331,1.1055259,1.1739718,1.225884,1.2867973,1.4176102,1.4371486,1.5053751,1.5132504,1.5303138,1.5394067,1.5415534,1.5420471,1.5404129,1.5297377,1.5159802,1.5386238,1.5310022,1.519437,1.527611,1.690857,1.7305363,1.7610898,1.9451559,1.918677,2.0964265,2.0754602,2.1355753,2.1643,2.2192507,2.3815112,2.4260647,2.4340513,2.4037192,2.2315252,2.2202215,2.2065654,2.158974,2.1408956,2.1426044,2.0363052,1.9717937,1.8686692,1.7953463,1.7352843,1.6260166,1.5885987,1.5691879,1.4682026,1.4499117,1.3754169,1.2958187,1.2899243,1.2748423,1.2757202,1.2779896,1.3176079,1.2830082,1.2319227,1.233909,1.1395081,1.1312027,1.1054207,1.0952537,1.0592027,1.0833818,1.0338099,1.020548,1.0018125,0.98257613,0.9163751,0.8714573,0.83342403,0.74354476,0.7144617,0.6993586,0.6573232,0.5884056,0.47837284,0.47072327,0.45591196,0.40765536,0.36060473,0.34593558,0.3437702,0.30683517,0.30603123,0.33542952,0.31791553,0.3061142,0.30303708,0.3013391,0.27616623,0.2910037,0.29086128,0.2837068,0.24947898,0.31773713,0.32725152,0.31378168,0.28856367,0.26192787,0.251763,0.21606688,0.20348513,0.22124125,0.2207068,0.27195936,0.26154575,0.262547,0.26422358,0.26556557,0.2661235,0.26679912,0.27303186,0.25832337,0.2409852,0.25367936,0.24030896,0.26179752,0.25190058,0.2574219,0.25257313,0.25354525,0.2498639,0.23554245,0.23123966,0.22663994,0.21661495,0.22298147,0.21847615,0.21023288,0.20588335,0.1928853,0.1901027,0.16306596,0.16105197,0.14322014,0.13592818,0.13466789,0.11822221,0.12376389,0.112737484,0.11092703,0.10210334,0.084653035,0.09693215,0.06691063,0.06279114,0.06168647,0.05569467,0.033364516,0.032705426,0.022985801,0.03732927,0.035650928,0.03765231,0.042244006,0.043710545,0.044163376,0.045068346,0.04608409,0.04718964,0.04772317,0.044835526,0.04515746,0.042891085,0.042546086,0.042850696,0.04268494,0.042567875,0.041096345,0.040806938,0.040181987,0.04199731,0.041344635
0.08102145,0.07798618,0.07674222,0.07398862,0.06838212,0.07181086,0.06686652,0.066953726,0.045877792,0.04511621,0.043545865,0.043219455,0.041537665,0.039320398,0.035367914,0.031561688,0.034131978,0.029500984,0.030166097,0.059455276,0.06201866,0.08555424,0.091098934,0.09970087,0.112474,0.12746805,0.13397224,0.13769278,0.14786139,0.15190211,0.17927623,0.18352246,0.21298131,0.21767385,0.22218676,0.23053616,0.284914,0.30129415,0.3157697,0.337207,0.39680254,0.4185295,0.44145355,0.4531499,0.4767065,0.50245553,0.51801324,0.5226178,0.5486282,0.55727917,0.5625381,0.564836,0.6029554,0.7815123,0.85043824,0.88458765,0.9064938,1.0077288,1.0151104,1.1600327,1.2190294,1.31125,1.313988,1.3463242,1.4547493,1.5498937,1.5803125,1.530527,1.5362202,1.5438378,1.596537,1.5857403,1.5595353,1.5424707,1.5114087,1.4948326,1.500718,1.5367906,1.568193,1.5479293,1.7553252,1.6469086,1.7462332,1.9026808,1.881094,2.0648947,2.0924616,2.1451771,2.3140008,2.3280814,2.232,2.2065363,2.216219,2.2086012,2.1973422,2.1894379,2.160946,2.1443186,2.1131318,1.9817262,1.881179,1.7106729,1.6892391,1.6474366,1.6100839,1.5327269,1.4967234,1.4829103,1.4702239,1.3824449,1.3497431,1.3765631,1.3301549,1.3323063,1.3336196,1.3333098,1.3293223,1.3228484,1.2726595,1.1681858,1.1408347,1.1304965,1.1294693,1.0854768,1.0783784,1.0652289,1.0595332,1.0293305,0.9578639,0.89375776,0.83029985,0.81934714,0.7474481,0.7279927,0.62949216,0.6154347,0.54292893,0.46501458,0.45762622,0.4151379,0.39531007,0.3411516,0.33922502,0.3082196,0.33593333,0.33426598,0.3053724,0.29228354,0.28706682,0.28755257,0.30258572,0.2954823,0.2956772,0.30785424,0.29825032,0.36839277,0.3693571,0.32786465,0.32595727,0.3147135,0.31745106,0.24782172,0.25429565,0.30392793,0.3412039,0.31041822,0.3110389,0.3011035,0.30110958,0.30097714,0.30075273,0.29582003,0.29842758,0.28190717,0.25737515,0.27250707,0.29420927,0.28658542,0.24905473,0.26285404,0.24870433,0.24866903,0.24552041,0.23553433,0.2371599,0.22928667,0.21638896,0.20585053,0.21913601,0.2110146,0.19625472,0.19351126,0.1891308,0.18742073,0.16496335,0.14697632,0.14704812,0.14883982,0.13063735,0.14419878,0.1337111,0.13230392,0.13123904,0.10396467,0.09872981,0.09397579,0.06598699,0.06517735,0.06312096,0.06685507,0.04732749,0.0472742,0.035032034,0.03596832,0.03792845,0.038783073,0.044022765,0.045319796,0.045766912,0.046712942,0.047231846,0.04824206,0.048760653,0.04954211,0.04980146,0.047010403,0.046583693,0.044235695,0.0440128,0.043078247,0.04250538,0.046098407,0.043856785,0.04339369
0.09426722,0.09175055,0.08901725,0.0832396,0.08333991,0.07743502,0.07464827,0.07133699,0.06881625,0.06405864,0.062994644,0.04436169,0.039491944,0.04196899,0.036905102,0.035850167,0.033266738,0.032750394,0.037013374,0.045555905,0.053801674,0.0816426,0.1008678,0.10049122,0.122877225,0.13442637,0.13795984,0.14663777,0.16236582,0.18658058,0.2005578,0.22480895,0.2354838,0.24060301,0.24431227,0.29384565,0.3115098,0.32067972,0.34496742,0.36205804,0.41520366,0.43618053,0.4469648,0.46898794,0.49701583,0.5150528,0.53336775,0.53166234,0.5589005,0.56826305,0.5735793,0.57527554,0.58959705,0.62005246,0.78576523,0.81627905,0.92254454,1.0063097,1.0382456,1.129061,1.1622493,1.2627156,1.3651731,1.3957481,1.5272923,1.5720111,1.6106296,1.6161218,1.6682855,1.6547707,1.6471581,1.6522849,1.654847,1.5630273,1.5462514,1.5121506,1.4597234,1.5827901,1.5439833,1.6101782,1.6412851,1.6934834,1.7429091,1.7582148,1.8590987,1.9088683,1.9578573,2.0158522,2.0442383,2.1500058,2.1809103,2.1955216,2.1893208,2.1927056,2.194568,2.182745,2.1872377,2.1841292,2.1545036,1.9430456,1.9216594,1.8038467,1.7506545,1.7124792,1.6081042,1.5876855,1.504216,1.486485,1.4581721,1.4242783,1.3889796,1.3834747,1.3813803,1.3912452,1.3936384,1.3936436,1.3938748,1.3655785,1.2956372,1.2336103,1.2133099,1.1879339,1.1723413,1.1011964,1.0938884,1.0804268,1.0820328,1.0438589,1.0009803,0.93409777,0.83474445,0.8365199,0.816254,0.748299,0.6764371,0.66191673,0.626113,0.5224069,0.46980786,0.43071547,0.42724556,0.4153376,0.37388402,0.3270317,0.33847803,0.33679944,0.31804785,0.33760184,0.30831546,0.28855398,0.29825097,0.3155849,0.31719288,0.38124204,0.37042743,0.37413245,0.37733567,0.36461207,0.36306417,0.37005013,0.39772028,0.3914333,0.38624522,0.35547543,0.35524985,0.3547616,0.33645913,0.3370597,0.3212928,0.3213402,0.3403632,0.34811714,0.33837435,0.33600765,0.31677276,0.29218185,0.29920495,0.3023856,0.27195364,0.25438547,0.2559012,0.24786311,0.24094309,0.23431723,0.22746573,0.22552922,0.20983,0.20540756,0.19566047,0.21127327,0.19596897,0.19355078,0.18926851,0.18624532,0.18519492,0.15342568,0.15265155,0.15222119,0.15152156,0.14909628,0.14679869,0.13408628,0.12969515,0.109042175,0.10357276,0.098761715,0.077151336,0.07618367,0.0754397,0.07362174,0.07316581,0.06673833,0.034659456,0.045599546,0.046239343,0.059100233,0.044019073,0.056746397,0.12230337,0.12235153,0.11830265,0.061943147,0.062218282,0.062183157,0.058707032,0.062182657,0.052541275,0.052294243,0.050148148,0.04996765,0.04896646,0.048197027,0.047798704,0.045702085
0.10030492,0.099359,0.093518816,0.090755805,0.086900905,0.08414408,0.07837527,0.07702475,0.071527794,0.066448346,0.068016954,0.06081611,0.04082223,0.039282884,0.038443428,0.036632676,0.036067512,0.03394546,0.032806806,0.04574474,0.05692545,0.08552587,0.10562706,0.11485055,0.12934203,0.13551198,0.14170721,0.15945148,0.18480515,0.20619436,0.21008489,0.2484148,0.25353774,0.26325667,0.2678036,0.2851332,0.33261096,0.3425404,0.3673649,0.38934267,0.4055195,0.41386867,0.4384782,0.4581988,0.5216488,0.5351903,0.5415656,0.5726069,0.583255,0.53690743,0.53889424,0.5919871,0.6453299,0.7009384,0.850648,0.8739509,0.9270769,0.95798534,1.1120429,1.1780915,1.2111619,1.2761264,1.4104142,1.5160522,1.5879997,1.6417298,1.6531255,1.6571914,1.6977879,1.6908702,1.6752437,1.7083023,1.6831728,1.6356785,1.6265349,1.5117862,1.4792022,1.4969884,1.6567522,1.6352769,1.6839942,1.693254,1.677015,1.7192508,1.755962,1.8601224,1.9464264,2.047202,2.0705016,2.1570394,2.1349373,2.1652176,2.1652367,2.1695416,2.2098,2.1995795,2.265106,2.105357,1.9875948,1.9466977,1.869061,1.8164147,1.7952076,1.7074151,1.6632013,1.5889667,1.5486804,1.5049781,1.4588356,1.4483994,1.4009743,1.3973229,1.4001224,1.4058022,1.4086883,1.4089551,1.3837472,1.3755689,1.3292084,1.3215163,1.2517613,1.2432956,1.1784248,1.1438527,1.1321884,1.1193914,1.0996383,1.0810418,1.0102489,0.9970693,0.9344255,0.8685034,0.8740669,0.838819,0.8118316,0.71571034,0.71915317,0.66586673,0.58733916,0.47844037,0.44109502,0.41512173,0.38751906,0.32329223,0.38158458,0.38095847,0.4024425,0.4023992,0.37067068,0.33259106,0.3326585,0.34890437,0.35746664,0.38037905,0.4043756,0.46638107,0.4304171,0.43060073,0.4023443,0.39830953,0.40790138,0.45390734,0.44059217,0.4307525,0.37088466,0.3693793,0.34837773,0.36927098,0.36877212,0.36303246,0.39222687,0.37174624,0.35136512,0.34864277,0.30141273,0.3017149,0.30219156,0.28436306,0.2908247,0.27289352,0.2711469,0.2376991,0.23696181,0.23718204,0.21942411,0.21554643,0.21414478,0.20429686,0.1950043,0.1915492,0.1951622,0.19041392,0.18887618,0.18592922,0.18490751,0.15321696,0.15464398,0.1545219,0.15722874,0.14694624,0.15324068,0.14390668,0.1399532,0.14502013,0.11885873,0.08452836,0.09353669,0.08290854,0.08585938,0.079331964,0.086338654,0.084241755,0.055867787,0.055105165,0.057998847,0.12789468,0.14391366,0.14218877,0.13852869,0.13872,0.12628645,0.12607929,0.05798594,0.1322885,0.07033924,0.070176676,0.070068486,0.0690529,0.068886206,0.08140065,0.07091294,0.070534654,0.061587736,0.058572832
0.10755563,0.102757394,0.09964115,0.09371261,0.09171336,0.08587603,0.0836632,0.07840073,0.07333314,0.07093777,0.066671595,0.06781953,0.05975366,0.057787273,0.053327672,0.0511982,0.03980576,0.037960827,0.04371234,0.04525766,0.062062047,0.08323913,0.090441704,0.1252904,0.13894704,0.15340535,0.15150471,0.17083427,0.20575799,0.21165131,0.2502602,0.2592027,0.26973858,0.2797602,0.2927365,0.30205682,0.30649412,0.36347276,0.39615783,0.4085059,0.41693398,0.4341975,0.46164355,0.4883912,0.5007451,0.5161366,0.52505344,0.5629909,0.59207183,0.6293962,0.63390255,0.62954855,0.63838005,0.7235306,0.8258092,0.9145585,0.9718856,1.0228732,1.0893288,1.1211315,1.2591333,1.2916096,1.4702308,1.6308448,1.6541171,1.6874477,1.6925302,1.6989464,1.7290722,1.75582,1.7532355,1.7397159,1.7123104,1.6674663,1.6479955,1.5402697,1.462807,1.5536712,1.6002749,1.5692532,1.6267647,1.6495682,1.6752927,1.6891111,1.7790455,1.8147595,1.9088676,1.9521995,1.973414,2.0315125,2.094858,2.1185951,2.1300445,2.083215,2.1257713,2.1231399,2.1331975,2.108828,2.0171254,1.8858014,1.8676941,1.8564769,1.8388264,1.7048397,1.6859674,1.6483215,1.5899255,1.574518,1.4893315,1.4833792,1.450412,1.4174558,1.423812,1.4498018,1.4517713,1.432863,1.4275457,1.3833138,1.3328183,1.3242337,1.3094622,1.2995793,1.2204602,1.1736273,1.1305257,1.1291443,1.14275,1.0637524,1.0507027,1.0036825,0.91948366,0.9051856,0.8902121,0.9030826,0.8329663,0.8033493,0.7786118,0.7337963,0.72380733,0.6435964,0.5726088,0.48057133,0.47893614,0.3655487,0.39163688,0.41517824,0.41493458,0.46414834,0.46441752,0.44417053,0.44587365,0.39720383,0.35979965,0.42711565,0.45927444,0.4620044,0.45369306,0.4552953,0.4619953,0.4173688,0.41569415,0.4657817,0.46447128,0.44571602,0.4437493,0.37417588,0.3786442,0.37867272,0.3786092,0.37855178,0.40666163,0.38476443,0.37554708,0.34449935,0.34993523,0.30585477,0.30334955,0.28503343,0.27781686,0.2686717,0.24702625,0.24597572,0.22710276,0.22816779,0.21963,0.20434646,0.2102336,0.20309593,0.2009252,0.1934686,0.18994777,0.189246,0.19648352,0.19495279,0.17799947,0.1794164,0.15378672,0.15453944,0.1434558,0.15517043,0.16184351,0.16620082,0.16378355,0.1473806,0.14496137,0.104827926,0.099909484,0.09902375,0.09797333,0.09777083,0.09192996,0.086282566,0.06517743,0.06443256,0.14471371,0.14698987,0.14814053,0.16177888,0.16273198,0.1595717,0.15626986,0.1465833,0.15409799,0.1428406,0.13718702,0.0867418,0.08676576,0.08510803,0.0849752,0.08488925,0.082880855,0.08272869,0.08208904,0.08112033
0.11366129,0.11040801,0.10412559,0.10160513,0.093992434,0.09096896,0.085486606,0.08242673,0.07987683,0.07484232,0.07259909,0.068418786,0.06633124,0.061943024,0.05972516,0.05546894,0.051904347,0.05101483,0.053127475,0.059824705,0.06765961,0.098513536,0.11477475,0.12998535,0.14780681,0.16873994,0.20115736,0.22844249,0.23179957,0.24150288,0.2543042,0.2834876,0.28578275,0.29087594,0.30835745,0.31312472,0.37038898,0.38006806,0.41191116,0.43116513,0.4407313,0.46493638,0.48681578,0.50026405,0.506661,0.53076494,0.56647724,0.58005327,0.63229793,0.6372135,0.64696354,0.65030205,0.65409684,0.8355253,0.855558,0.95080966,0.9929696,1.0574111,1.0925397,1.1663781,1.3139709,1.3482224,1.5572768,1.5830029,1.6604075,1.7682834,1.7638235,1.7710035,1.8128408,1.8051456,1.8001068,1.7962656,1.78436,1.7286334,1.627612,1.6425269,1.619465,1.6161098,1.6088488,1.585231,1.5848686,1.6477553,1.6597054,1.7752147,1.8074416,1.8225694,1.908448,1.9298441,1.9720799,2.044521,2.0971472,2.1201773,2.1313822,2.167525,2.170046,2.05478,2.0862403,2.0720172,2.0123928,1.9247903,1.9168679,1.8603944,1.8379278,1.7687755,1.6910101,1.6319532,1.5993532,1.5837988,1.5229828,1.4952824,1.4957141,1.5237048,1.5255483,1.5297049,1.4736959,1.4445002,1.4391766,1.3965759,1.3363379,1.3268203,1.3103291,1.2993777,1.2517791,1.2266885,1.1772604,1.1405357,1.137518,1.1463451,1.0499169,0.98866326,0.9808637,0.96910626,0.90630484,0.9223572,0.9064888,0.81539917,0.8050579,0.779987,0.7707343,0.7433336,0.6160335,0.61337966,0.48995313,0.54155993,0.5281983,0.513003,0.5133848,0.51731,0.51691157,0.4936916,0.4898217,0.49484354,0.41032895,0.43293467,0.45376283,0.46241182,0.47022963,0.45569116,0.45292014,0.41211584,0.4412628,0.46945587,0.468156,0.44771305,0.4090764,0.40862015,0.4106382,0.4116259,0.41354334,0.43867487,0.43934333,0.42490026,0.38525903,0.37642765,0.36903012,0.3258949,0.31449082,0.30358413,0.2777655,0.27502894,0.2406642,0.23830603,0.23696217,0.21625286,0.21319,0.20795289,0.20516862,0.18996413,0.19214469,0.19034103,0.20580062,0.20438209,0.20363355,0.17832388,0.18098408,0.18366629,0.15578836,0.14925149,0.15079418,0.16148591,0.16446096,0.1681907,0.17262307,0.14769992,0.12268639,0.12273002,0.10965045,0.11595795,0.11614722,0.10784039,0.106423154,0.09188844,0.15274161,0.15557846,0.1547426,0.1522474,0.15680723,0.15532456,0.15644842,0.15589012,0.16578096,0.16431364,0.15714522,0.16863462,0.16340023,0.1523584,0.15092924,0.08590049,0.08846239,0.08807928,0.08785973,0.085886575,0.08563207,0.08511551
0.11773922,0.11108587,0.107865565,0.10155036,0.09855815,0.09462126,0.08866699,0.08618922,0.079343095,0.07866763,0.07208943,0.06999919,0.06595836,0.06641561,0.06013991,0.044090644,0.043603785,0.053303134,0.057654683,0.07855812,0.083061196,0.109401256,0.13583525,0.14530198,0.16898482,0.21311188,0.22689967,0.23563716,0.24934071,0.26260847,0.29083067,0.30065987,0.3049328,0.32124364,0.31751376,0.36607817,0.38470083,0.4085521,0.43095058,0.44573182,0.46321592,0.47651842,0.5066094,0.5090286,0.515576,0.571066,0.58386666,0.6238333,0.630177,0.64737177,0.6576821,0.7289937,0.7548403,0.769305,0.9374222,0.9986362,1.0395218,1.0961175,1.1319884,1.2073779,1.2491179,1.3690916,1.5558769,1.6419895,1.6841547,1.7340658,1.7319655,1.8234422,1.827477,1.8181844,1.8124396,1.7891374,1.7747362,1.7457846,1.6593724,1.6480283,1.6245534,1.614774,1.6513711,1.5980072,1.6823258,1.7364615,1.7532104,1.7826358,1.7976514,1.8279961,1.8721404,1.9308975,1.9723893,2.0479124,2.1247115,2.1235197,2.134322,2.2020948,2.176718,2.164198,2.1256003,2.068843,2.0141885,1.9501429,1.9088384,1.865123,1.8518344,1.7783146,1.7603902,1.6995096,1.6675035,1.6517719,1.5767264,1.5728956,1.5533025,1.5647722,1.5818516,1.5243611,1.5279205,1.5123714,1.4589967,1.4109236,1.3884169,1.3757355,1.2890714,1.2751789,1.2403009,1.2159476,1.1963639,1.1176183,1.1219276,1.1392363,1.0534055,1.0160594,1.0113534,1.0085198,0.96644044,0.9532547,0.9452322,0.8420919,0.8319556,0.7922992,0.7979829,0.7633219,0.6302434,0.6262647,0.6039847,0.5539219,0.542232,0.5367255,0.54258645,0.5350318,0.5422425,0.5361668,0.5230089,0.52298784,0.45964983,0.43945807,0.4418576,0.47829473,0.4786718,0.46511775,0.48050815,0.4776183,0.4529601,0.4839502,0.4641076,0.46738964,0.46340665,0.41151547,0.41357625,0.42715937,0.42243695,0.44056904,0.44120917,0.42979875,0.3817974,0.37519956,0.32185268,0.29589465,0.3079524,0.31773973,0.27967918,0.26862127,0.2450399,0.22481546,0.23074125,0.22020781,0.20709684,0.20182884,0.19645722,0.22366555,0.22170535,0.21032701,0.20762935,0.18180123,0.18353629,0.19134694,0.1917797,0.19407476,0.20208025,0.18853024,0.15288882,0.15466051,0.16781881,0.15962419,0.13722683,0.14081432,0.113929905,0.12302093,0.11000528,0.11280052,0.11707696,0.1081953,0.11104408,0.17217545,0.15370035,0.15935066,0.17092043,0.17043759,0.16698141,0.16028787,0.15403925,0.14759734,0.1462914,0.15719701,0.15642679,0.15391777,0.15502475,0.15198082,0.14865936,0.14697671,0.090886384,0.08732799,0.087134995,0.08893004,0.08854313,0.08835352
0.11741044,0.11406227,0.10754389,0.10494773,0.09891465,0.09322138,0.08973138,0.084683456,0.08153894,0.07718445,0.07518712,0.07153563,0.06926603,0.062373996,0.05908272,0.057687066,0.054373454,0.055935774,0.08057321,0.085567385,0.1040736,0.11952288,0.13669363,0.20022218,0.20606293,0.24944782,0.254335,0.28313395,0.29366738,0.31472087,0.3112913,0.31649548,0.32783726,0.33444378,0.34160125,0.3836701,0.39284202,0.42496207,0.43431783,0.45706183,0.47034487,0.4942136,0.5112879,0.5196179,0.536048,0.575023,0.5907686,0.6369988,0.63884866,0.65131235,0.7156602,0.7401498,0.7685751,0.78441447,0.9048972,0.93226063,1.0305061,1.0629324,1.1323028,1.2065206,1.3300365,1.424543,1.4587841,1.6119392,1.6543189,1.7132697,1.7373703,1.7303785,1.735192,1.7360332,1.7622898,1.7683526,1.7795634,1.7246238,1.6995085,1.6857121,1.6550043,1.6065263,1.6707212,1.691372,1.6993482,1.7210696,1.7296154,1.7730433,1.7866236,1.8616205,1.8941939,1.940041,2.038611,2.054081,2.134098,2.1066875,2.1937544,2.2039425,2.1737726,2.210461,2.2036285,2.1663957,2.0806618,2.0723627,2.0078163,1.990437,1.9042914,1.8129973,1.7874149,1.75439,1.7258179,1.6279193,1.6733375,1.6666642,1.6432084,1.6382401,1.6157917,1.6122317,1.5438532,1.5093164,1.4999225,1.4031802,1.3498719,1.333702,1.3038156,1.2562062,1.228636,1.203221,1.1825385,1.1540918,1.1004338,1.1068983,1.0334777,1.061931,1.0608542,1.0615063,1.0209215,0.9344886,0.9294499,0.91457087,0.8463863,0.8226381,0.79337066,0.7911126,0.79389745,0.68581724,0.725199,0.5934701,0.59056485,0.5556162,0.5548016,0.5597805,0.55190134,0.54563797,0.56345093,0.53309435,0.4791113,0.479676,0.50580275,0.53081286,0.51432896,0.49884203,0.49542794,0.47845837,0.478778,0.4784807,0.4876219,0.46735063,0.41026348,0.41270065,0.44911376,0.4228901,0.44083706,0.44218042,0.45008555,0.43088007,0.3701705,0.32343975,0.31653136,0.29774666,0.29401624,0.27275014,0.2710838,0.27217808,0.24778794,0.21959366,0.21566367,0.21358563,0.21041499,0.19618893,0.19075741,0.22099681,0.22054687,0.20007652,0.19259162,0.1583146,0.15922762,0.16506469,0.1742401,0.17545435,0.18693449,0.18936887,0.17236331,0.15019105,0.13555823,0.10399753,0.10401143,0.103646606,0.11228776,0.107637346,0.102824405,0.10399885,0.107537575,0.09340462,0.082822815,0.17174052,0.17965709,0.16584192,0.16632743,0.16213994,0.15492564,0.15385598,0.14902392,0.16436034,0.15736912,0.15609974,0.15414952,0.15290159,0.15040995,0.14970414,0.14887369,0.14564422,0.14396034,0.14084287,0.13933298,0.1363928,0.088020325,0.08793193
0.11865229,0.112319574,0.10790102,0.103116594,0.09715508,0.09335357,0.088006526,0.08547404,0.07990845,0.07773951,0.0737531,0.06843823,0.06519261,0.062347513,0.060706977,0.058510978,0.04298746,0.060364883,0.09650012,0.10469669,0.11909886,0.17338774,0.19212824,0.2233244,0.24386989,0.26579306,0.30186322,0.31132653,0.33337873,0.3368578,0.3489384,0.3549488,0.361197,0.3493131,0.3555014,0.35904592,0.41176513,0.41997477,0.43707493,0.46131027,0.4824801,0.49743137,0.50702536,0.55387837,0.5682646,0.57840157,0.6216186,0.62966514,0.6448273,0.65226454,0.72328067,0.74973726,0.7645138,0.7976239,0.8842767,0.93311375,1.0266359,1.0584215,1.1264997,1.2387265,1.3519268,1.4300314,1.4671768,1.5995054,1.6219262,1.7028956,1.7086782,1.733953,1.7298324,1.7318027,1.7672279,1.7569128,1.7537287,1.741757,1.7228671,1.6854169,1.6738652,1.7075788,1.718488,1.6846939,1.7925295,1.7655902,1.7728217,1.8011949,1.7848346,1.8614441,1.8784492,1.9115523,2.0412652,2.0558665,2.1643775,2.2663512,2.2854755,2.230175,2.236881,2.2260597,2.2187662,2.2456257,2.1093566,2.074839,2.0435934,2.0197701,1.9853485,1.8283165,1.819917,1.8146178,1.7990931,1.7114959,1.6985153,1.6922704,1.6707449,1.6656959,1.6259727,1.617413,1.6148665,1.5242827,1.431137,1.4097621,1.35691,1.3402463,1.2981024,1.2463744,1.2173992,1.1842768,1.1694772,1.1415037,1.0722976,1.0034353,1.025384,1.0283897,1.0563033,1.0567901,0.9936598,0.9880732,0.94918907,0.9363912,0.92217034,0.8260362,0.7804919,0.7746047,0.80490726,0.80388314,0.740974,0.65710443,0.65156764,0.56765234,0.566687,0.5691917,0.56270915,0.60142136,0.5738305,0.57212204,0.56015307,0.5499371,0.54749453,0.547209,0.5000504,0.49151132,0.4925509,0.4887298,0.48327604,0.48219186,0.523134,0.47235104,0.47417787,0.4529958,0.47273004,0.49016723,0.50355005,0.4708945,0.45552593,0.41912594,0.37794137,0.32218707,0.3180368,0.2833903,0.2814098,0.2956549,0.26318407,0.2555125,0.24095364,0.22936475,0.21085966,0.20873933,0.20429389,0.22063218,0.22014925,0.21976788,0.18971097,0.18036936,0.1594338,0.17146714,0.1704325,0.17117482,0.17598623,0.17493774,0.20673916,0.2117318,0.1863353,0.108262874,0.08840381,0.08193852,0.0809305,0.07012513,0.09944197,0.080239594,0.09072094,0.07172041,0.08681675,0.08045439,0.08112639,0.075387545,0.16332264,0.14898244,0.158262,0.1602838,0.15169923,0.14586061,0.16132723,0.15772869,0.1551428,0.1525703,0.15266633,0.15011513,0.14885429,0.14638007,0.14621061,0.14384131,0.14099216,0.14107078,0.13820477,0.13681906,0.13392526,0.090132
0.115476765,0.112432465,0.104764305,0.101895645,0.09796077,0.08865511,0.086107135,0.081072144,0.0775667,0.0732419,0.069382206,0.06680172,0.06379209,0.06246343,0.059610337,0.058686677,0.0740454,0.094623476,0.10341709,0.12382582,0.16487987,0.20476696,0.21593937,0.24102291,0.2723084,0.29721135,0.31544623,0.33043343,0.3523962,0.35264817,0.35286123,0.3654033,0.37086394,0.38019142,0.35558158,0.3611074,0.40658262,0.4144499,0.4399915,0.44969788,0.48574275,0.49690315,0.5123563,0.5645037,0.5673031,0.5864229,0.59506017,0.62855613,0.64468116,0.6566518,0.6662626,0.67110896,0.77497524,0.7908578,0.80257833,0.9260235,0.93904096,1.0424981,1.107135,1.1973107,1.2740211,1.3642768,1.439291,1.5629892,1.6409706,1.7103173,1.725838,1.7542547,1.7530829,1.7610872,1.7664068,1.7462658,1.780193,1.7647206,1.7103035,1.586362,1.5930256,1.6041656,1.7053782,1.67638,1.797163,1.8100407,1.8219671,1.8391992,1.8899634,1.9303873,1.950129,2.0214305,2.0631592,2.207434,2.2416642,2.2906895,2.309178,2.3180332,2.291795,2.2456124,2.2378287,2.2381527,2.2150552,2.1034718,2.0721276,2.1079721,2.0355253,1.9616292,1.940628,1.8423039,1.829602,1.7764417,1.7343881,1.7137227,1.7000799,1.6934577,1.662549,1.6195582,1.6129938,1.4880676,1.4826037,1.4084781,1.3566446,1.3388582,1.3068843,1.278923,1.186483,1.0832006,1.1496562,1.000759,0.9995159,0.9390535,0.991924,0.9879927,1.0234338,1.0245285,1.0262681,1.0273618,0.97270626,0.94940865,0.94192505,0.9217343,0.8528514,0.84636956,0.87056,0.868102,0.7693925,0.75443506,0.6869617,0.59839153,0.5939868,0.61494213,0.61130106,0.60984266,0.61725545,0.6113371,0.5939292,0.5625672,0.59203964,0.5742935,0.49559307,0.49245608,0.48166487,0.49888834,0.50630516,0.51797736,0.54997015,0.54945874,0.48463395,0.4884799,0.4847931,0.5006905,0.5239048,0.51692283,0.43242463,0.38049385,0.33879426,0.30792755,0.30486977,0.2830246,0.28112295,0.27738246,0.26169983,0.26809272,0.24381377,0.23590711,0.23162954,0.18415698,0.18184508,0.1960658,0.19841902,0.17703068,0.17777638,0.14770778,0.15777409,0.15082632,0.16019921,0.18965632,0.17949197,0.18232036,0.1829381,0.18217032,0.18797223,0.14216134,0.11334402,0.110014364,0.11378418,0.12814291,0.061085183,0.07717155,0.07116655,0.061727528,0.06249316,0.06248653,0.07219434,0.06341891,0.07251162,0.13258187,0.12305579,0.14820674,0.16040118,0.15813813,0.15700004,0.15677997,0.15560804,0.15326095,0.14740776,0.14752778,0.14517157,0.14402004,0.14286558,0.1417234,0.13950825,0.1393804,0.13691095,0.13426572,0.13426363,0.13181254
0.114383265,0.10863195,0.101646736,0.09764858,0.092303425,0.08809902,0.08335829,0.08103955,0.07519885,0.073126815,0.06931608,0.065088905,0.06365596,0.061126858,0.06201085,0.057411037,0.08107772,0.10436634,0.12010734,0.12902321,0.19471043,0.21876036,0.24278247,0.2692823,0.2929926,0.32666084,0.33149728,0.3390107,0.36400518,0.36865726,0.36588532,0.37341544,0.3867809,0.38461792,0.3825396,0.3806203,0.3802111,0.4270521,0.43605223,0.44872296,0.47044298,0.48143026,0.53007424,0.5315739,0.55685115,0.5805455,0.5916254,0.6293987,0.63395345,0.6499494,0.6644392,0.66823804,0.7706108,0.7774864,0.86016524,0.88166213,0.929614,1.0126343,1.0641112,1.1268917,1.1616621,1.3364655,1.4100598,1.4336655,1.5446688,1.6273265,1.69353,1.7221177,1.7238653,1.7447602,1.6855172,1.7192827,1.7634171,1.6783482,1.654546,1.471263,1.4628522,1.5883669,1.6163915,1.6573579,1.7144952,1.7313502,1.7525558,1.774229,1.9041263,1.9456099,1.9657341,2.058573,2.0746632,2.2633731,2.2678761,2.318451,2.3362527,2.3445168,2.3151207,2.3022535,2.2561905,2.310639,2.2973025,2.211649,2.182091,2.1638918,2.128075,2.1100276,2.0502224,1.9054133,1.8899482,1.860758,1.7739348,1.7653433,1.7281914,1.7212108,1.7138883,1.6766877,1.6071587,1.5736787,1.4769009,1.4392713,1.3451555,1.3264478,1.2850416,1.1731195,1.1117406,1.048442,1.0103667,0.97970974,0.97846377,0.9154903,0.9170023,0.97756696,0.98345006,1.0169088,1.0175147,1.0284382,0.99540085,0.9880644,0.9668284,0.93312144,0.91953754,0.909031,0.89290535,0.85754275,0.772887,0.77239954,0.7120238,0.72247624,0.661284,0.6886762,0.6486967,0.646816,0.62082565,0.6146856,0.62095904,0.64046776,0.5936647,0.58621246,0.5377532,0.5177771,0.5136765,0.5095535,0.5416293,0.5111825,0.5361782,0.502212,0.50321275,0.49931887,0.5145621,0.5151973,0.4926812,0.4535302,0.44966924,0.34000745,0.3374764,0.30764955,0.30165136,0.28130254,0.27842,0.2766932,0.28044122,0.28674573,0.24926808,0.25648284,0.22150247,0.21600595,0.20122685,0.20824163,0.17315237,0.16311896,0.16194996,0.16418667,0.17070618,0.19367741,0.18794604,0.23856664,0.23448153,0.21867493,0.16908589,0.17073181,0.15591072,0.14318103,0.14017214,0.11116312,0.12664574,0.12844303,0.12816161,0.06440143,0.0736764,0.06982445,0.0565419,0.056931566,0.060249373,0.05070546,0.04086359,0.051443785,0.11594923,0.07096594,0.14322576,0.14213246,0.14096841,0.15269305,0.15052101,0.1494528,0.14731435,0.14800832,0.14274749,0.14061296,0.14066362,0.13856553,0.13755313,0.13647631,0.13452534,0.13357848,0.13205653,0.13089798
0.10742725,0.10178046,0.09651989,0.09137345,0.086465746,0.081805125,0.07955585,0.07381839,0.07189434,0.068307295,0.06511873,0.062165767,0.059432436,0.04445563,0.05296745,0.07564333,0.07964754,0.11421931,0.16495188,0.18910916,0.2117782,0.24277152,0.2671545,0.28907916,0.32147604,0.3284513,0.3495621,0.36297208,0.37574863,0.38781253,0.3854504,0.3838036,0.3939983,0.39339033,0.3832143,0.39398608,0.39283922,0.39371046,0.3920355,0.4334384,0.4438869,0.48690835,0.50115675,0.5405745,0.5455354,0.5583625,0.5834011,0.58784986,0.60486776,0.64752907,0.6510076,0.73903805,0.74059594,0.7641172,0.83849347,0.8588318,0.92695004,0.9912024,1.0455936,1.1182503,1.1565399,1.2341985,1.2731949,1.4547242,1.4968398,1.5168755,1.6029493,1.6166747,1.6300923,1.6552653,1.560782,1.5547862,1.5113715,1.5000618,1.4734479,1.3703351,1.4237454,1.4727871,1.6047935,1.6137898,1.6271569,1.7541232,1.7988807,1.8216368,1.941227,1.9645687,2.010637,2.2425985,2.260389,2.431476,2.451798,2.5092885,2.5369456,2.5307424,2.4932969,2.4209013,2.4390893,2.426015,2.409551,2.3510883,2.2735484,2.2018597,2.1647916,2.1464117,2.080181,2.0233355,1.9240236,1.8945154,1.8074167,1.7536402,1.7379568,1.7301472,1.688591,1.6740463,1.6409147,1.6016593,1.515495,1.3870436,1.273875,1.2510407,1.1909423,1.1666758,1.1001278,1.0327973,0.9756115,0.9710426,0.893314,0.87860566,0.8896166,0.9001229,0.97219455,0.99387676,1.0192207,0.98428684,0.9808075,0.9414988,0.9210944,0.9158978,0.9101745,0.8677066,0.8712422,0.8368452,0.8397803,0.8200729,0.81911117,0.7384556,0.70589715,0.7041487,0.7253173,0.6833996,0.6782646,0.7006536,0.65314144,0.6308868,0.64549065,0.6388974,0.6151339,0.5457648,0.5294179,0.5609918,0.5222208,0.5006914,0.5011074,0.5054631,0.5302837,0.51340806,0.53194994,0.48097366,0.4987463,0.43718684,0.40739426,0.3439289,0.3088559,0.31133503,0.31061321,0.30550832,0.31610906,0.31311256,0.3136361,0.26988447,0.28166804,0.2521109,0.24513257,0.2084786,0.20632783,0.21810809,0.2114377,0.18692148,0.1740311,0.17404358,0.16708092,0.21666294,0.24039404,0.23798898,0.23540564,0.2211825,0.19507748,0.17268296,0.15700324,0.1416271,0.15047964,0.15628381,0.1267899,0.12676333,0.12999122,0.08575793,0.07037818,0.07057855,0.04918695,0.039714713,0.055446636,0.042999685,0.042487726,0.03352003,0.05530011,0.0567678,0.059075017,0.060531158,0.12420677,0.13546188,0.13702184,0.14480631,0.14384338,0.14356093,0.142588,0.14067407,0.13882872,0.13658385,0.13474563,0.13471846,0.1329468,0.1312736,0.13047284,0.12950586
0.1037335,0.095572546,0.0908427,0.08851384,0.08135964,0.079256386,0.07562255,0.071514644,0.06814594,0.06506928,0.056165777,0.059762,0.058771104,0.053426635,0.05680891,0.07816573,0.08676849,0.097298585,0.18181439,0.20765428,0.23146006,0.25823763,0.2718287,0.31046206,0.33181766,0.34475702,0.35540336,0.3891529,0.3904806,0.38411558,0.41204774,0.40926006,0.40408128,0.40705982,0.40318486,0.39517486,0.38747516,0.38766783,0.37945852,0.38427338,0.44656944,0.47207457,0.4791471,0.53347707,0.547931,0.5756712,0.57200277,0.60865915,0.6247066,0.6038971,0.6426946,0.7243435,0.7497947,0.7896153,0.80389833,0.8635594,0.9562555,0.92328674,0.970812,0.99514884,1.0656865,1.0896626,1.2056854,1.4319315,1.4518307,1.4016103,1.4847385,1.5149053,1.4781601,1.43005,1.4123958,1.4145764,1.4311829,1.4161565,1.363333,1.2960069,1.2848334,1.236938,1.4849699,1.6235344,1.702517,1.6930978,1.7141312,1.8935117,2.0032456,2.0329456,2.0919755,2.2068284,2.3433394,2.5022178,2.5210087,2.5875854,2.5982358,2.642406,2.5639272,2.5870793,2.5882723,2.563766,2.5375614,2.4994822,2.4512987,2.3323145,2.2692025,2.2532313,2.2214413,2.1585608,2.0440361,1.9087418,1.7860692,1.7696443,1.75277,1.7443187,1.699635,1.6829085,1.6439823,1.6092252,1.46424,1.3484352,1.2405555,1.2230644,1.1875491,1.1619961,1.0441493,1.007199,0.9555878,0.9516159,0.87643003,0.8794106,0.86547834,0.8710561,0.86564624,0.8970014,0.9020261,0.957182,0.93490136,0.9277081,0.9042953,0.8985073,0.88477284,0.8743378,0.8727673,0.84057266,0.8349144,0.8480479,0.8004249,0.7514966,0.74429256,0.7430676,0.758387,0.73273534,0.7723516,0.7522676,0.7210845,0.69929916,0.6230861,0.6197234,0.58998936,0.5864418,0.6537669,0.57083076,0.54693496,0.4997545,0.5271837,0.5271226,0.5741895,0.57582754,0.53189313,0.54783946,0.5443253,0.4964196,0.35686934,0.35398376,0.31145775,0.32949007,0.3250176,0.3341393,0.3174749,0.32047814,0.3011327,0.27524674,0.27250516,0.24852328,0.24102668,0.22953688,0.20188513,0.221057,0.21359648,0.17601214,0.17767891,0.18083896,0.23529522,0.23198155,0.22688079,0.22650026,0.21195747,0.21223636,0.20921174,0.17042592,0.16705437,0.1679756,0.1705547,0.16793111,0.14658824,0.1285222,0.113410726,0.10719112,0.10983503,0.07208056,0.065851144,0.04080868,0.048582423,0.03933469,0.03388353,0.025292689,0.055394556,0.057213448,0.058346614,0.06097594,0.06213813,0.0644843,0.12185943,0.13204946,0.13114348,0.14037223,0.13863628,0.1378005,0.1361737,0.13580257,0.13500053,0.13345705,0.13144451,0.12995084,0.12856744,0.12842014
0.09443136,0.08810393,0.08411795,0.08021265,0.074894704,0.07136121,0.06951,0.06333251,0.05828956,0.05694186,0.037163567,0.037960175,0.039557833,0.05653525,0.060910325,0.06414606,0.093240306,0.10318677,0.1741043,0.21401577,0.24126327,0.25520912,0.28587008,0.3043078,0.33989495,0.3558571,0.38438597,0.40063912,0.40290987,0.4122488,0.41279864,0.41282606,0.41099557,0.41578573,0.40594557,0.395958,0.39754614,0.39242572,0.39141452,0.39957413,0.44040468,0.45157516,0.46668538,0.51478565,0.54426914,0.5725164,0.5364806,0.6059757,0.6137395,0.62825096,0.6590199,0.71299225,0.7846343,0.8069948,0.8196093,0.86471295,0.8797609,0.9235538,0.96963185,0.9931234,1.0407096,1.1402423,1.2733011,1.2938977,1.3067844,1.3909968,1.400962,1.375033,1.338776,1.2992524,1.2996294,1.2801776,1.3189251,1.2962437,1.2045208,1.2274585,1.2218341,1.3012537,1.3888975,1.522774,1.6085529,1.740859,1.7611746,1.8028213,2.0355446,2.0676823,2.2238727,2.2584357,2.4113302,2.5528693,2.5752985,2.6604555,2.7112231,2.7436013,2.6662052,2.6880276,2.6657975,2.6127822,2.6530411,2.575399,2.5549223,2.4254096,2.3305154,2.3151104,2.2933962,2.2649846,2.2513278,2.0516872,1.8782985,1.8642887,1.7963747,1.7875817,1.706452,1.688993,1.6593472,1.485214,1.4728389,1.3859458,1.2670428,1.2466344,1.2050687,1.1310133,0.98718065,0.95879436,0.9456241,0.86676073,0.84069365,0.83772695,0.8429366,0.8324329,0.8456829,0.8761744,0.88181394,0.8494624,0.92108506,0.94407284,0.9110656,0.9060495,0.9300108,0.8904902,0.8386902,0.81742203,0.81950116,0.82839334,0.81883186,0.76942694,0.7673298,0.7331166,0.73079526,0.822919,0.8225271,0.74540746,0.7169253,0.71244997,0.66804934,0.61978424,0.6345126,0.66527265,0.6421484,0.5721043,0.5034024,0.5044049,0.5326939,0.5819734,0.57925284,0.5741062,0.573359,0.5401396,0.51462,0.44469702,0.37037504,0.37706473,0.34739318,0.32508737,0.32135615,0.3231579,0.30868378,0.2658826,0.2663635,0.26615673,0.2547749,0.25254944,0.2484403,0.24057724,0.23525369,0.24744108,0.23565227,0.19537355,0.22875942,0.23143965,0.23227958,0.23975012,0.23115802,0.21107247,0.21034347,0.20701636,0.24605608,0.23887558,0.19802378,0.16535066,0.14869343,0.16751091,0.14776005,0.1261473,0.13343158,0.11403998,0.11119815,0.10990101,0.067158565,0.07082021,0.059665408,0.039962642,0.039352827,0.026141189,0.04704537,0.06565191,0.058780897,0.06031072,0.062716074,0.06393155,0.066412225,0.11784861,0.11795746,0.118141145,0.128259,0.13436255,0.13298318,0.13344763,0.13208386,0.13142517,0.13106851,0.13042389,0.12920588,0.12684225
0.08583078,0.077435896,0.07399838,0.072267964,0.065071486,0.06356892,0.05817296,0.049923927,0.05149072,0.05928845,0.033563755,0.038157236,0.03971778,0.05619955,0.06291615,0.06465281,0.09401949,0.1501007,0.17098245,0.2222913,0.23590255,0.2640365,0.28113437,0.3194124,0.3444646,0.373358,0.39295992,0.40633848,0.41208598,0.42052343,0.4164942,0.41757727,0.41091946,0.41691783,0.40522012,0.41567513,0.41483,0.4176149,0.40322667,0.41265738,0.41015732,0.44505206,0.47371718,0.48402083,0.5079171,0.519278,0.5452267,0.6039952,0.61235064,0.62289697,0.6317474,0.68000287,0.7792859,0.796897,0.82630986,0.84670824,0.8803951,0.92744476,0.94944215,1.0348226,1.0883642,1.1180406,1.249364,1.2427282,1.2633308,1.2810647,1.2431592,1.2761763,1.2731227,1.2148848,1.2377216,1.2369069,1.1566193,1.1828561,1.1515659,1.1863414,1.184294,1.2214655,1.3309958,1.4365586,1.5944563,1.6506969,1.6736802,1.9263006,1.9594884,2.0726087,2.287522,2.3104887,2.470552,2.5927572,2.6389906,2.7413135,2.8077345,2.8060644,2.7887654,2.7468486,2.7189248,2.6930723,2.722169,2.6443079,2.6240625,2.541474,2.4526596,2.442262,2.3622868,2.3479192,2.2633884,2.1587167,2.1278021,2.0238268,1.8022388,1.7972169,1.765765,1.7453622,1.6605893,1.4823833,1.4514738,1.3605529,1.2266743,1.1996222,1.0584186,1.0447743,1.0044485,0.92891794,0.919576,0.8362448,0.79985595,0.7884255,0.79115057,0.7375206,0.74947256,0.84626436,0.8627206,0.84861207,0.93484527,0.9407999,0.90642405,0.90164953,0.90989816,0.9039795,0.9006335,0.8643001,0.8649386,0.77689946,0.7997491,0.76366544,0.7700551,0.79270583,0.79521704,0.78493,0.7421986,0.7398649,0.70011294,0.6968367,0.69085413,0.6306407,0.62989604,0.55675787,0.58501124,0.5833364,0.6050172,0.5573166,0.5882328,0.5928091,0.5676376,0.5760312,0.5929424,0.57067174,0.47319034,0.4448387,0.37428653,0.36464337,0.36767957,0.30866408,0.30942723,0.32323313,0.28326008,0.26906133,0.27239484,0.27127686,0.26410878,0.25075448,0.26568553,0.27013505,0.24974464,0.20890982,0.23217203,0.23010473,0.22789219,0.24299225,0.24545638,0.23596244,0.24888703,0.27016774,0.28879458,0.2642842,0.2982348,0.2799608,0.2664909,0.23328061,0.22846085,0.2338608,0.212524,0.14504367,0.12650147,0.13341427,0.119021125,0.11118506,0.10954474,0.07172967,0.061522003,0.059454817,0.03997563,0.042829588,0.04384038,0.057071548,0.054589786,0.060544413,0.06211476,0.06465697,0.06594271,0.06873294,0.11455818,0.11478923,0.11672451,0.11685925,0.11708771,0.13123733,0.13009338,0.12903045,0.12933761,0.12829883,0.12781255,0.12747549
0.07596377,0.06393335,0.062480353,0.05527906,0.05403677,0.05155638,0.045509752,0.04450225,0.02775209,0.02809221,0.029336985,0.03469324,0.04548914,0.056750666,0.058743868,0.06287635,0.08961619,0.15595832,0.17773293,0.19114392,0.240279,0.26874864,0.28087923,0.32024652,0.33645874,0.3812977,0.39395437,0.4154348,0.42282385,0.42693207,0.42457747,0.41841677,0.42298442,0.41733068,0.41094223,0.42532074,0.4241865,0.42840433,0.42900553,0.41773272,0.42920882,0.44163918,0.45126623,0.49855193,0.512734,0.54047054,0.56019753,0.55280066,0.56740564,0.57675076,0.6515686,0.70951825,0.7213437,0.75854796,0.8009517,0.83391505,0.91803515,0.9450994,0.99483097,1.0458114,1.089746,1.1321638,1.1447237,1.214821,1.2317663,1.197442,1.1808671,1.1772254,1.2243428,1.2136766,1.1453029,1.0860856,1.1240097,1.0933512,1.1015068,1.1449,1.178359,1.2043172,1.35362,1.4133668,1.5494297,1.5833422,1.8523858,1.9824113,2.014232,2.1883416,2.232788,2.3215384,2.5211022,2.6080973,2.7141523,2.9432936,2.9494293,2.9646375,2.9485657,2.9546213,2.8613796,2.8141937,2.7791445,2.7144828,2.6941261,2.6055355,2.582246,2.5037756,2.42001,2.42726,2.3884804,2.3011692,2.1772945,2.1035576,1.9702768,1.9349742,1.7513447,1.7306249,1.6130023,1.42264,1.41332,1.3066572,1.2472347,1.0282664,1.008625,0.99841726,0.9339136,0.9267826,0.9148937,0.8188638,0.8084197,0.80533403,0.71188986,0.70959973,0.71809345,0.7521417,0.76336354,0.79614234,0.93314546,0.9337507,0.9300301,0.88626456,0.86402154,0.871556,0.85611224,0.8543723,0.8275203,0.8417886,0.8255081,0.7302281,0.74698055,0.74758506,0.754318,0.7264481,0.73626614,0.7341707,0.71359813,0.6966742,0.69374067,0.57472926,0.59460634,0.6003599,0.6202636,0.59268284,0.58394396,0.6078554,0.5931406,0.5770462,0.5781589,0.56537515,0.5604949,0.55851924,0.5579551,0.49458152,0.37834674,0.37607104,0.37209126,0.36878565,0.28882423,0.2722509,0.27607542,0.2779947,0.27641535,0.27336112,0.27207282,0.25937718,0.2742855,0.2716042,0.26662868,0.21684106,0.19192825,0.2154406,0.21680439,0.2356036,0.2436711,0.24728647,0.26788133,0.2844363,0.2710566,0.27065173,0.27212846,0.28686574,0.2850626,0.28682116,0.30099118,0.2742815,0.25837734,0.19409637,0.19449148,0.12592712,0.17687394,0.11756551,0.11197943,0.10671774,0.07126194,0.069139704,0.05894098,0.055357452,0.044074513,0.053897455,0.054805636,0.05656466,0.061510287,0.064134024,0.066805765,0.06835907,0.07103282,0.073731825,0.113743864,0.114278406,0.11453285,0.115023874,0.11631417,0.1274123,0.12665701,0.12693556,0.12619837,0.12554647
0.057424154,0.05515316,0.052957036,0.047310732,0.045489613,0.043734085,0.01867769,0.019265132,0.01953035,0.026764065,0.027356036,0.028496452,0.044235647,0.049754027,0.053897966,0.055798933,0.11255212,0.15780616,0.16944689,0.19336645,0.23687366,0.25151175,0.28138512,0.29643145,0.36164397,0.39310396,0.40603378,0.4261755,0.42877582,0.43456426,0.43267843,0.43026444,0.4295084,0.4282242,0.4341161,0.43040913,0.4365206,0.4396285,0.44131526,0.44452935,0.4445551,0.46548256,0.46018136,0.47695822,0.50746423,0.53311723,0.5420339,0.5575586,0.56158143,0.64088726,0.65224594,0.6600584,0.68802524,0.76921713,0.7860476,0.8452297,0.8795931,0.9595835,1.0123423,1.0366973,1.0976622,1.1164265,1.1261932,1.1288853,1.1280935,1.1501968,1.146377,1.1430098,1.1803259,1.1657069,1.0953777,1.0420076,1.0450766,0.99771786,0.9911503,1.046765,1.1629838,1.1926086,1.3219199,1.3884788,1.5371966,1.5763092,1.8576182,1.9008905,2.1739106,2.2629461,2.308244,2.4800181,2.67894,2.7322557,2.849168,2.9889126,3.0774026,3.1001065,3.0902483,3.0802145,3.0439897,3.008572,2.9147758,2.785151,2.7651458,2.669928,2.6905146,2.529109,2.4978333,2.4553814,2.408494,2.3242028,2.1776776,2.1083133,2.005186,1.9100323,1.7064435,1.6681457,1.5644096,1.3986924,1.2894698,1.2073472,1.1174275,1.034642,1.0159864,1.0062436,0.98574257,0.89238197,0.87853825,0.82860535,0.7207984,0.73698974,0.72676444,0.6726503,0.6791705,0.7182433,0.731045,0.7619829,0.8155377,0.81725687,0.7844783,0.8381657,0.85297304,0.85049677,0.8496921,0.8482166,0.8182978,0.8346102,0.81657857,0.7905334,0.78864187,0.7323261,0.730139,0.7288628,0.7350985,0.7215942,0.7164094,0.6883587,0.7036918,0.6029811,0.59468824,0.5902483,0.6048155,0.6012979,0.6168989,0.5983196,0.59123045,0.55341935,0.5338101,0.53398967,0.48943454,0.49530232,0.49260437,0.43986583,0.41309315,0.38049743,0.37254342,0.37222138,0.31875446,0.27000353,0.27384466,0.27317727,0.27455962,0.27141136,0.27222213,0.26333922,0.27604342,0.2735344,0.26889196,0.24352461,0.22673655,0.23846982,0.24112868,0.24241221,0.25182992,0.2655875,0.25949436,0.29882604,0.2956344,0.29969567,0.2737586,0.3310997,0.3304939,0.29272628,0.30586052,0.2999071,0.300672,0.28321233,0.26891235,0.19861351,0.17755741,0.1665003,0.11248247,0.110514686,0.07300125,0.06987712,0.06836767,0.057681404,0.049760748,0.053798784,0.05598678,0.056773335,0.06649198,0.06359655,0.06636646,0.06918624,0.07075431,0.0735587,0.07636059,0.07776633,0.112510055,0.11288906,0.1145404,0.11512808,0.11542068,0.12544401,0.12519218,0.124747574
0.046938233,0.045217063,0.04440501,0.038531914,0.037871692,0.017104605,0.01672115,0.01697721,0.01745797,0.024069035,0.025229031,0.026431162,0.029084506,0.048042487,0.052668147,0.054158583,0.10883181,0.14303091,0.1654833,0.1898831,0.22207242,0.25119013,0.26307717,0.3238882,0.3726743,0.38714954,0.412278,0.42868668,0.43561244,0.44202828,0.44199163,0.44397342,0.4445954,0.45179766,0.44472858,0.4414579,0.4499471,0.46027988,0.45857736,0.46274847,0.45951506,0.46947852,0.4835272,0.48993835,0.5182627,0.53369033,0.54985917,0.60627747,0.61838824,0.6509976,0.6616488,0.66835403,0.70299035,0.71136075,0.73133594,0.79038644,0.87573045,0.9704286,1.0434475,1.0717206,1.1092241,1.1055655,1.1221691,1.1153181,1.1137159,1.0810843,1.0700117,1.1116128,1.097821,1.0531167,1.0078218,0.9475947,0.94380826,0.9996961,1.0013871,1.022956,1.1303931,1.254771,1.3543615,1.5014745,1.5417447,1.73438,1.9710493,2.0163472,2.2605193,2.4098105,2.4517508,2.6329741,2.6920657,2.897389,2.963593,3.1371012,3.2285779,3.216909,3.235822,3.2374427,3.068252,3.0607216,3.0285,3.0167704,2.8984861,2.801756,2.794033,2.615266,2.5158672,2.4912167,2.412163,2.24985,2.210998,2.0409315,2.0041537,1.930863,1.6216829,1.5349525,1.5022655,1.2693,1.260421,1.1832671,1.0782475,1.0708231,1.0226266,1.0133148,0.9939156,0.8984718,0.88480175,0.8380052,0.71173954,0.68674916,0.718213,0.634809,0.62699515,0.7116959,0.7244724,0.72009,0.7790698,0.7836596,0.7924,0.7963722,0.7961091,0.8576684,0.85571676,0.8309098,0.8432122,0.839682,0.8166368,0.78618455,0.7898471,0.7553008,0.75420976,0.7565564,0.7519476,0.7189429,0.71670926,0.67883205,0.6714055,0.5739353,0.5582174,0.5860033,0.5733812,0.5941322,0.57839274,0.62063694,0.56301,0.55219775,0.53363633,0.5338979,0.50015336,0.44547194,0.4427986,0.43122882,0.41142696,0.40560445,0.4030597,0.35995632,0.3173699,0.27729556,0.3004435,0.29502195,0.2930003,0.282004,0.27105,0.27104953,0.27749464,0.29483068,0.29401702,0.23956637,0.24649888,0.24361263,0.24815752,0.25563842,0.2580704,0.2731435,0.26610136,0.32815436,0.32930645,0.2972995,0.28208405,0.33567217,0.32205352,0.32170722,0.29206988,0.3004558,0.30623165,0.31510925,0.28809336,0.2872901,0.21950068,0.20130418,0.16533777,0.15851411,0.15313937,0.071611464,0.06888689,0.059951123,0.05711593,0.050666355,0.056009166,0.058053065,0.058759063,0.06855508,0.067362346,0.06882656,0.071912706,0.07337065,0.07629379,0.079184495,0.08060486,0.11138054,0.11273684,0.11358763,0.11441728,0.11539312,0.116075456,0.12044799
0.045804124,0.04521832,0.044025987,0.023045808,0.02342169,0.023699416,0.02351437,0.014808615,0.023009613,0.02164257,0.022898505,0.022336686,0.02694156,0.027782336,0.048385464,0.05176104,0.054128364,0.11565946,0.14481944,0.16955695,0.1967946,0.20799656,0.25685218,0.32808983,0.34463334,0.38638726,0.404424,0.43118638,0.443098,0.45391142,0.45493954,0.45183942,0.45317325,0.46365052,0.4609931,0.46344814,0.46702743,0.470951,0.4723097,0.47328222,0.47815377,0.48746687,0.49351802,0.52036214,0.5423824,0.53463477,0.5946199,0.6065843,0.6302757,0.65261453,0.65927285,0.6740932,0.69090575,0.72349083,0.7432413,0.7539778,0.87583995,0.92356956,0.95443475,1.0071567,1.0268519,1.0334826,1.1166189,1.08306,1.0729522,1.0627183,0.99640185,0.9830277,0.9668759,0.9593857,0.9644683,0.95442045,0.9450189,1.0188091,1.0255616,1.0434088,1.18368,1.2157701,1.3227316,1.4953108,1.5743663,1.7723138,2.059792,2.108958,2.441202,2.4867392,2.5674963,2.6563375,2.699966,2.811226,3.1708038,3.2656453,3.2861333,3.2742903,3.1976404,3.24546,3.2424793,3.205183,3.1173003,3.1021683,3.0714579,2.9253318,2.8911827,2.7867553,2.5432487,2.5149896,2.4416811,2.302963,2.2746162,2.0440643,1.9440815,1.8973459,1.5916044,1.5337361,1.4133202,1.2663863,1.1895728,1.1824182,1.1751093,1.0717424,1.028577,1.0090679,0.98681414,0.91808575,0.86283547,0.84654903,0.7134361,0.70274824,0.6243573,0.63256013,0.67230207,0.6694392,0.69607043,0.7091002,0.7701033,0.77785915,0.79598206,0.7972184,0.7991247,0.854655,0.8513344,0.8654103,0.8484705,0.8309448,0.82746387,0.80846494,0.771759,0.7578549,0.75421286,0.7702872,0.74095505,0.73416597,0.7336575,0.7245784,0.6344972,0.6306768,0.56742,0.5759201,0.58913696,0.5477474,0.5825704,0.55425465,0.5707945,0.5630747,0.5334441,0.49388686,0.49211285,0.47651365,0.4370759,0.45453617,0.40364414,0.4276226,0.39717695,0.33904842,0.30419773,0.2820219,0.30232468,0.30349675,0.29263112,0.28583387,0.277576,0.28394774,0.2841125,0.28091115,0.24776591,0.25032958,0.22986573,0.22146434,0.2603378,0.2649378,0.29500803,0.30063617,0.29405802,0.2937311,0.34999567,0.31615105,0.33344206,0.33497438,0.33022854,0.2829935,0.28089225,0.281273,0.28210133,0.2999952,0.295603,0.29231697,0.2882858,0.22525904,0.20269035,0.16751838,0.1587736,0.15399386,0.1104365,0.060423505,0.068015985,0.05192152,0.059916917,0.054862842,0.060336154,0.06118075,0.070835516,0.0699772,0.07164681,0.07468642,0.07619925,0.079225466,0.08217795,0.083636984,0.111607864,0.112157404,0.11323486,0.11428994,0.115202956,0.11610583
0.021827785,0.022304721,0.022583269,0.022899529,0.0231666,0.022937315,0.022791984,0.02270738,0.022125173,0.019273773,0.019882586,0.01385512,0.014477739,0.019554181,0.03978563,0.04129019,0.049620446,0.11104093,0.1398991,0.16383485,0.17674841,0.20089254,0.23639476,0.31063962,0.34455732,0.3731524,0.40040654,0.43415183,0.4403716,0.45932028,0.46173808,0.46508196,0.46196416,0.4776278,0.4743497,0.47881773,0.4928248,0.49141148,0.49339968,0.50466967,0.5030299,0.5081924,0.5169608,0.51788497,0.52839005,0.5494647,0.59414,0.60474837,0.63327277,0.64229536,0.65981734,0.67629117,0.685592,0.72197104,0.7509233,0.7724181,0.79914355,0.8707657,0.9823733,1.0127909,1.0362087,1.0460854,1.0187993,1.0151931,1.0056863,0.9933791,0.9861216,0.9698082,0.9606912,0.94144297,0.9175074,0.9230936,0.95343816,0.92724717,1.028306,1.0452979,1.168179,1.3014545,1.4610204,1.5136601,1.6024443,1.9452914,2.0945668,2.1916163,2.3619423,2.5001228,2.620473,2.6971993,2.7407746,2.824952,3.1888525,3.2890813,3.3046918,3.3125615,3.267774,3.2858722,3.2996416,3.2678835,3.2412848,3.1315281,3.0665057,2.925848,2.9025667,2.7354574,2.5167227,2.4888597,2.3905296,2.3351648,2.1463788,2.0679255,1.9483603,1.8515098,1.7345972,1.546573,1.4153757,1.3042436,1.1897576,1.182101,1.1743295,1.1704086,1.0893416,1.0087334,0.98685956,0.9247487,0.9321289,0.8177424,0.7867001,0.7013799,0.6542261,0.6845112,0.69224626,0.69252104,0.6971298,0.7197166,0.7678737,0.77593017,0.79791486,0.8085714,0.8102755,0.8405644,0.87094533,0.8682335,0.86319345,0.8528103,0.8487659,0.818392,0.7510841,0.76172704,0.75878227,0.77123046,0.73820645,0.73120165,0.7307042,0.6923049,0.6783287,0.62889254,0.55781,0.56434155,0.5597478,0.5837376,0.53654283,0.5366141,0.5441999,0.5493833,0.5221051,0.51136404,0.50925475,0.47026294,0.44657087,0.44395924,0.39556286,0.4054971,0.399519,0.30449727,0.3019015,0.2622933,0.28048795,0.30290303,0.27828008,0.29469076,0.29173127,0.28347278,0.27841705,0.2770242,0.24919583,0.24937537,0.2241646,0.22565782,0.23715375,0.26847538,0.2716184,0.29197997,0.3035143,0.3033705,0.28503567,0.33083877,0.3310348,0.31327784,0.28947297,0.2895612,0.2814673,0.2840489,0.28537914,0.30248398,0.32795227,0.33541185,0.30289763,0.23884432,0.21549283,0.20572354,0.18378441,0.16001567,0.120012,0.10495297,0.06912342,0.06886905,0.061022885,0.05494491,0.057335466,0.06266655,0.06382863,0.07334207,0.07137107,0.07451901,0.07767094,0.07924761,0.08232033,0.08536865,0.08687404,0.08960102,0.09102683,0.11345022,0.11499925,0.11556271
0.02208889,0.016807519,0.017354177,0.01729523,0.016988756,0.016954873,0.01674599,0.016311856,0.016128808,0.015875028,0.015359973,0.011420464,0.009387477,0.014632814,0.019044993,0.039434817,0.041813217,0.045876894,0.11084379,0.11997432,0.17032483,0.19204259,0.21483527,0.29078954,0.30826065,0.3729462,0.39624152,0.40368396,0.44025174,0.46462035,0.46707985,0.47243258,0.472081,0.48894763,0.4979361,0.5128491,0.51001483,0.5106909,0.51263195,0.5145722,0.5198068,0.519667,0.53505147,0.54036313,0.53855,0.54469806,0.58807343,0.6066305,0.6194461,0.63531584,0.6560021,0.67371726,0.6921644,0.7189331,0.7336881,0.7678894,0.8123993,0.85279685,0.9374363,0.9765259,0.9519523,1.0143652,1.0290174,1.0211401,0.99755967,0.9901274,0.97346306,0.96038055,0.94798756,0.9257041,0.8934202,0.83675414,0.91275686,0.9483833,1.0009779,1.052709,1.1595767,1.3329446,1.4741398,1.5490395,1.6368319,1.933887,2.1419213,2.2380812,2.4931457,2.5371966,2.6629016,2.7073286,2.794924,3.1156523,3.1450803,3.3192732,3.342026,3.3342707,3.3158894,3.3915293,3.3850892,3.2785115,3.2297008,3.108707,3.049478,2.898847,2.8729792,2.7157402,2.5621505,2.4979231,2.3333101,2.3065124,2.206412,1.9831786,1.9273217,1.8543081,1.6061203,1.5901413,1.4167068,1.3089023,1.1905293,1.1823773,1.1741263,1.1699594,1.11997,1.0299243,0.9867709,0.9458899,0.934807,0.8182733,0.7374219,0.72319365,0.6541036,0.6520811,0.69255424,0.69187725,0.7049023,0.71786636,0.7645706,0.78749365,0.79493517,0.8283587,0.83163685,0.81352186,0.881485,0.89564484,0.8904143,0.8526182,0.848574,0.81893754,0.80540675,0.7864138,0.7581134,0.73937905,0.735888,0.72864133,0.71298224,0.6817015,0.6402944,0.63426983,0.6075454,0.55326927,0.54851615,0.5549467,0.57421446,0.5380493,0.50169903,0.42193964,0.51599956,0.5129356,0.45531806,0.45199308,0.38331315,0.3822573,0.38403386,0.3689225,0.39509317,0.30371448,0.25950766,0.2603157,0.31444195,0.3055042,0.32053536,0.30837446,0.30114406,0.29641026,0.26283813,0.25630808,0.23309764,0.22440599,0.2692449,0.28133437,0.27878934,0.2824913,0.2842242,0.2792567,0.2961671,0.30305457,0.26357207,0.28306723,0.3224294,0.29788715,0.29716477,0.29188952,0.29200146,0.2776866,0.27792743,0.2785292,0.27925062,0.29975292,0.31044853,0.27196702,0.21543078,0.21063909,0.19469203,0.18664883,0.13245459,0.12223035,0.114863105,0.10717781,0.061192658,0.056156475,0.05737396,0.06002204,0.06542841,0.07357127,0.07607448,0.07596874,0.07760766,0.08088629,0.08245492,0.085627235,0.08874475,0.09006022,0.093011685,0.094464675,0.11443429,0.11577017
0.01792512,0.017962242,0.01507981,0.014637933,0.01417389,0.014472957,0.013950605,0.013332741,0.013614849,0.012954772,0.012621294,0.012487387,0.008703604,0.009275448,0.018680511,0.019574653,0.039974168,0.043635994,0.045943186,0.11445122,0.16188824,0.15431942,0.20772727,0.27046704,0.29548815,0.3276751,0.35630608,0.3934886,0.4318903,0.4566626,0.46884793,0.47234124,0.4905992,0.48738882,0.51772046,0.5171248,0.5157681,0.516331,0.51083606,0.5204041,0.5237486,0.5267646,0.5306315,0.54080766,0.5516214,0.55216235,0.5815826,0.5836059,0.5890049,0.6135835,0.63167655,0.6409995,0.64766866,0.6614792,0.7312068,0.7741611,0.7901923,0.84638304,0.9248588,0.9511353,0.9593209,0.9757387,0.9689249,1.0060133,0.95537597,0.93709946,0.96151865,0.9489194,0.92429143,0.8961275,0.8822103,0.8150178,0.90513,0.94539136,1.0095571,1.0670329,1.2061689,1.382621,1.5263689,1.5678316,1.7552307,1.8061749,2.0944993,2.4237988,2.46131,2.5381851,2.747935,2.7883325,2.868338,3.1185362,3.1689665,3.2690654,3.360075,3.310355,3.2840395,3.335811,3.328122,3.2535436,3.1889584,3.1692312,3.015231,2.982845,2.7989733,2.6290367,2.5459943,2.452716,2.2693334,2.241687,2.1435542,1.9730983,1.9421135,1.8578972,1.6207188,1.6072948,1.4756547,1.3306828,1.1606573,1.1519327,1.1922319,1.1552228,1.1346785,1.1254652,1.0059551,0.982569,0.8832873,0.8088637,0.78102714,0.6992426,0.6822164,0.6974083,0.71302414,0.7059058,0.67532134,0.68804747,0.73993623,0.79915416,0.8072104,0.8260511,0.8330981,0.8359336,0.86133164,0.8780627,0.8743858,0.867411,0.864123,0.855764,0.7756334,0.7714156,0.79616576,0.74334526,0.74000543,0.7294068,0.6865941,0.6836632,0.665903,0.6575641,0.6287494,0.54668796,0.55853915,0.5556911,0.526978,0.50368714,0.49921775,0.4596143,0.4534407,0.44858384,0.42278424,0.4194619,0.4467405,0.37154162,0.3785145,0.36011338,0.32701445,0.28150275,0.29817763,0.30273074,0.28940955,0.27428603,0.27141786,0.30955592,0.30286282,0.2983967,0.26628193,0.23451705,0.2708155,0.25677693,0.27450845,0.27850798,0.28677782,0.28684402,0.28312457,0.28222445,0.28140214,0.26057592,0.23009159,0.22800358,0.30829138,0.2855143,0.28504598,0.28423142,0.2797222,0.28608084,0.28739548,0.28742224,0.2700938,0.28969625,0.28995803,0.27216643,0.18972264,0.1943542,0.18228368,0.17874423,0.17127755,0.12919953,0.1317529,0.11672582,0.070393145,0.06330625,0.058686353,0.06004142,0.06297525,0.07485217,0.07630667,0.07935511,0.08230888,0.08091774,0.08422481,0.0858632,0.08911239,0.09205534,0.0935858,0.09658385,0.0976704,0.115497716
0.016167361,0.015991116,0.016114052,0.015689204,0.01547025,0.015455451,0.015211875,0.014693228,0.014585331,0.0142856715,0.013663188,0.01327348,0.012876923,0.016461605,0.01667757,0.019026374,0.020824758,0.02128222,0.048308976,0.11290571,0.12785703,0.14451236,0.15341954,0.24967726,0.28051966,0.29667255,0.34313613,0.38543022,0.39986378,0.45005843,0.46617433,0.48843446,0.49874833,0.4888449,0.52537084,0.52378607,0.5238077,0.526017,0.52329665,0.52540886,0.51949114,0.53288394,0.5246948,0.5271614,0.53205514,0.5229751,0.5219615,0.55838865,0.57443833,0.5858457,0.5885005,0.6043706,0.63290715,0.6473059,0.68983006,0.70745796,0.7341629,0.82860386,0.8494897,0.89174974,0.9364926,0.9511135,0.94676816,0.9471036,0.9378331,0.91824526,0.9508757,0.9365646,0.893002,0.86672115,0.8538775,0.8480932,0.8562522,0.9478078,1.0177702,1.0634961,1.2789752,1.4244467,1.5328083,1.6153644,1.9117167,1.952678,2.1822863,2.4340272,2.4709795,2.5471358,2.7688463,2.807957,3.0511675,3.1245747,3.1506464,3.2350934,3.2391515,3.2686546,3.3445818,3.3373742,3.2920668,3.1960394,3.1680617,3.1204593,2.8818262,2.8259351,2.7606354,2.5223522,2.4863844,2.4154155,2.2377367,2.2112267,2.158585,1.9550463,1.9276989,1.8249451,1.6421396,1.5365776,1.4851611,1.268811,1.1927701,1.1523288,1.1473575,1.142857,1.1139852,1.1091881,1.0100839,1.0393507,0.95668703,0.83659947,0.736338,0.7273426,0.65419674,0.60971886,0.6778496,0.71416664,0.72648805,0.73318416,0.7275039,0.7634112,0.7880467,0.8281729,0.8375246,0.8474418,0.8618869,0.8839292,0.88062733,0.8743159,0.855617,0.85087806,0.8038705,0.75617737,0.7365682,0.7746695,0.723144,0.6888132,0.677353,0.67334217,0.67363787,0.66675806,0.658583,0.6032076,0.5591408,0.55659163,0.48340023,0.47721264,0.44516498,0.43248424,0.41870132,0.41140032,0.3847372,0.37498844,0.36099163,0.3579107,0.35566217,0.3274758,0.3205219,0.31163207,0.27181977,0.29130518,0.29266936,0.2774333,0.27266827,0.29210776,0.27479038,0.26469016,0.26497072,0.26539332,0.2863852,0.28916147,0.30878395,0.27390411,0.28188315,0.2860832,0.29327312,0.27390403,0.26711038,0.2853961,0.27204,0.26253408,0.23867232,0.27949995,0.27256417,0.27204436,0.27129313,0.26726836,0.27382162,0.2742847,0.27458897,0.27612662,0.27900434,0.27945018,0.26369578,0.18889034,0.18726636,0.184601,0.17409916,0.15381484,0.13949023,0.13480829,0.11867961,0.06448427,0.06568768,0.061447624,0.06296302,0.066161916,0.07772548,0.07905714,0.08245492,0.08555301,0.08437762,0.08777906,0.089460045,0.09254172,0.09571135,0.09726537,0.0998955,0.10276908
0.017434226,0.017034065,0.017088542,0.016857833,0.016380055,0.016562294,0.016037548,0.015501178,0.015599132,0.015031318,0.014315479,0.014173825,0.013437366,0.017858885,0.017392153,0.0054791006,0.010161793,0.025991328,0.045848787,0.04786491,0.11782086,0.12516874,0.14101365,0.20880486,0.22312558,0.2803256,0.3127376,0.3497742,0.3813715,0.4254791,0.431711,0.47704837,0.4818672,0.4919722,0.5267176,0.5267687,0.528162,0.5228303,0.5249309,0.5212361,0.52247816,0.53001046,0.52416265,0.5237803,0.52062017,0.5164554,0.49641922,0.5360158,0.546911,0.55260515,0.5674643,0.57963026,0.59139943,0.61983734,0.6626106,0.6812284,0.70334935,0.7648192,0.78045887,0.8663133,0.8803946,0.90449846,0.9081847,0.9183342,0.91589373,0.90932655,0.8977568,0.88657606,0.86185163,0.84994626,0.8223047,0.835386,0.8454714,0.9049145,1.0992109,1.1294993,1.3032717,1.5387635,1.5802584,1.6616086,1.954125,2.014855,2.2159162,2.251655,2.471075,2.5754766,2.6089795,2.8143885,2.9823096,3.0191607,3.1111248,3.122911,3.1298444,3.1553328,3.304867,3.2548256,3.176622,3.1321893,3.0414898,2.9947758,2.7303925,2.7085178,2.580415,2.5222435,2.493175,2.384707,2.0768287,2.0535026,2.0078404,1.9298918,1.907697,1.6049999,1.489659,1.4942204,1.4635887,1.3391722,1.2638471,1.1416487,1.1315218,1.1265093,1.1165131,1.10559,1.0370632,1.0254216,0.93980336,0.85658544,0.7570426,0.74507874,0.66001374,0.6294783,0.6625365,0.656709,0.6691008,0.67603916,0.7219863,0.7431458,0.77522326,0.7906741,0.8399154,0.84510237,0.84038174,0.89453024,0.8924721,0.880057,0.86428076,0.86004555,0.76026803,0.74875575,0.7257907,0.70905674,0.71229064,0.70922655,0.65888953,0.6508497,0.67163837,0.6643393,0.58957493,0.5579275,0.50339174,0.49895063,0.48314008,0.44998217,0.44363263,0.43006194,0.41541898,0.4076651,0.3802169,0.3829297,0.37895915,0.3471437,0.3197066,0.3260972,0.28485763,0.27775663,0.28243434,0.2768411,0.26044974,0.25851256,0.25317428,0.24595693,0.2569895,0.24611169,0.26467457,0.2658206,0.2701977,0.27254453,0.2844105,0.27297646,0.27563524,0.28425708,0.316871,0.29491216,0.2943933,0.30232364,0.30370256,0.29189295,0.3075181,0.27684855,0.27723137,0.2828071,0.28087324,0.28272843,0.27075526,0.27072716,0.27089125,0.26232246,0.27052674,0.26766795,0.26828808,0.24217874,0.18821627,0.18649751,0.18422876,0.17129031,0.16760917,0.14158204,0.13687305,0.11573676,0.06685128,0.061397847,0.06449279,0.06612865,0.06958689,0.08083438,0.082465455,0.085771106,0.0889984,0.08802957,0.09151884,0.094925,0.096309334,0.09951717,0.10069316,0.10368461
0.018373711,0.018174767,0.01814568,0.017701985,0.017796066,0.017305702,0.016807199,0.016802588,0.016271034,0.015912434,0.015322754,0.014602753,0.018624743,0.018352877,0.0053833956,0.0055658985,0.012037035,0.016810335,0.01817214,0.038462047,0.039812595,0.05983391,0.12572634,0.17154275,0.19875833,0.22964448,0.2589406,0.3147561,0.36575106,0.38210136,0.4378498,0.4563031,0.4683412,0.48948637,0.51732326,0.5260154,0.5221358,0.5261162,0.5156581,0.5213926,0.52302647,0.5197697,0.511219,0.5097416,0.5061293,0.50384706,0.47735438,0.51410675,0.51685524,0.52039963,0.53475064,0.5306418,0.5562561,0.5868963,0.60762393,0.62511116,0.67411363,0.6950209,0.7355113,0.78267,0.84882975,0.8547727,0.8292847,0.86902595,0.8777955,0.88030285,0.85011595,0.82895106,0.8185406,0.7982763,0.8505339,0.8384311,0.862304,0.9735645,1.0188121,1.1002656,1.3508081,1.3990326,1.6255766,1.8461752,2.0332942,2.1727319,2.2388396,2.2719016,2.505171,2.5774853,2.656071,2.7019148,2.99408,3.015822,3.0300508,3.041054,3.0458248,3.045774,3.0263534,3.110225,3.1094105,2.9957569,2.9747117,2.868539,2.6738572,2.6528587,2.5361183,2.477896,2.359107,2.292805,2.0376372,2.0152223,1.9713192,1.7940888,1.7676102,1.5154167,1.4134215,1.3991163,1.2865376,1.265731,1.2591658,1.1051053,1.0752345,1.0730395,1.1416726,1.1372125,1.025684,1.0163815,1.0116149,0.8359726,0.6913946,0.6187315,0.5865842,0.5622155,0.5850582,0.6029076,0.65158695,0.65786463,0.66331637,0.70396376,0.7423443,0.7858717,0.8032625,0.81137925,0.8248341,0.8844351,0.8845596,0.8700433,0.861128,0.8565225,0.786959,0.75472605,0.7317767,0.7172855,0.665927,0.66615343,0.6346388,0.59852177,0.59549695,0.60495156,0.60615957,0.5634957,0.5282454,0.49628285,0.49317515,0.4483381,0.43456334,0.42729363,0.41183865,0.39259747,0.38849568,0.38749158,0.3463073,0.34141496,0.34172973,0.3100369,0.29191157,0.27211344,0.2790103,0.2836416,0.28502586,0.27692473,0.2721754,0.26333457,0.25845912,0.2481398,0.26487643,0.2712611,0.2645581,0.2652087,0.2655558,0.2706762,0.30330908,0.30598265,0.31497824,0.30105385,0.30130798,0.33442026,0.27895957,0.310533,0.3311872,0.2792812,0.28802422,0.2835359,0.28124028,0.28403285,0.29213274,0.28780997,0.28616196,0.2470078,0.26641944,0.26453495,0.27424213,0.2679225,0.18680541,0.18635422,0.1850631,0.18249491,0.177678,0.17808884,0.14367151,0.13348706,0.11095699,0.09837848,0.06441518,0.067767866,0.07136447,0.08076871,0.084132835,0.08585255,0.08928454,0.09245317,0.09187809,0.095417656,0.09855997,0.10021941,0.10344573,0.10457903
0.019201685,0.01905557,0.018641107,0.01843086,0.018155526,0.01793053,0.017479923,0.017064672,0.016754871,0.01612092,0.01545604,0.019312505,0.018862596,0.018503806,0.018260984,0.011386904,0.0122234,0.013275873,0.018406073,0.018637203,0.032063697,0.04892012,0.098107696,0.15555492,0.18146844,0.19578888,0.24201623,0.27879235,0.2952302,0.3614893,0.38072905,0.4254769,0.45851326,0.44787765,0.49763072,0.51453733,0.51706535,0.5020882,0.54754376,0.55005366,0.51099515,0.5000939,0.49784726,0.49301445,0.4872958,0.48395473,0.4558726,0.45135668,0.44110647,0.48807353,0.4751509,0.49437475,0.5113101,0.53229165,0.56264275,0.5712247,0.5899239,0.6475195,0.659807,0.6817686,0.72936314,0.8158293,0.82575905,0.8339819,0.84469455,0.84015363,0.8109428,0.79123026,0.78165835,0.7627723,0.8145385,0.78342074,0.8681209,0.9506218,0.98822975,1.1506101,1.4138128,1.4433576,1.5592089,1.9439802,2.1449797,2.1761763,2.2413476,2.2738242,2.397484,2.4531221,2.5210493,2.661729,2.8148642,2.8014076,2.9241323,2.867461,2.8691673,2.8591766,2.840623,2.8309329,2.9031453,2.883344,2.7645018,2.778898,2.6172638,2.5213933,2.4504395,2.368635,2.3005202,2.1513329,2.1182022,1.961074,1.8255111,1.7456448,1.5182407,1.4874557,1.4489855,1.3670515,1.2364652,1.1614755,1.1531188,1.1310462,1.088773,1.0821109,1.023683,1.0208008,0.9843638,0.8666908,0.79898065,0.70585585,0.57570213,0.5580448,0.53758276,0.5448243,0.5554826,0.5383904,0.5451285,0.68449444,0.69265646,0.68274873,0.7614845,0.75587565,0.77690893,0.794258,0.835076,0.87527937,0.8632981,0.85992897,0.85267353,0.8022996,0.7878294,0.7255942,0.71018505,0.70140076,0.6845664,0.6485762,0.63193816,0.62142587,0.6165399,0.59516275,0.54408467,0.5418264,0.5157958,0.44570506,0.4458037,0.43295932,0.41169408,0.41402745,0.41387385,0.3801196,0.35498947,0.31707013,0.327247,0.32356468,0.32587078,0.28978533,0.29128942,0.27368978,0.2943151,0.2813381,0.30073947,0.27233222,0.28157887,0.27238175,0.26439047,0.25941268,0.2540665,0.25920624,0.23972519,0.25491866,0.26195675,0.28853944,0.28522804,0.3216773,0.3552066,0.3629355,0.34298375,0.3425524,0.33723864,0.3364885,0.2936253,0.29150546,0.2903071,0.3048407,0.30019146,0.2904948,0.2857255,0.29371223,0.2925303,0.29030868,0.28830802,0.26783878,0.26645467,0.29322925,0.27432474,0.19433285,0.18345003,0.18295904,0.17887284,0.17614728,0.16896625,0.14004017,0.121400885,0.11415829,0.10136604,0.0676661,0.07129334,0.07513716,0.08413283,0.087649085,0.08943846,0.09281887,0.09621995,0.09790955,0.09917571,0.10259197,0.10426312,0.107029885
0.019683655,0.019646732,0.019195322,0.018737482,0.01860018,0.018101273,0.017520348,0.01708924,0.016521635,0.015960941,0.015440607,0.018985787,0.018669616,0.018184114,0.017749423,0.011302828,0.012604229,0.013560899,0.013920186,0.0251454,0.03157705,0.033127148,0.076813295,0.12892577,0.14035474,0.16619381,0.19570781,0.23040473,0.29069883,0.30832672,0.34858602,0.39406595,0.42311916,0.43007076,0.48423803,0.49904376,0.5315739,0.54286486,0.5497937,0.55436397,0.5497921,0.5474428,0.48122776,0.51989865,0.5133566,0.48146462,0.43032297,0.42540425,0.41604584,0.4549888,0.44651106,0.45783362,0.46350238,0.48720956,0.5107469,0.5053894,0.53613937,0.58374655,0.61581933,0.6766392,0.69705325,0.71196496,0.7890983,0.7924804,0.8121069,0.7915165,0.78716433,0.7789416,0.7630313,0.6976789,0.6964665,0.79909015,0.9127679,0.9479389,1.0139654,1.1359506,1.2903205,1.5100514,1.6596167,1.801669,2.0315742,2.1822696,2.2147806,2.2460587,2.3738775,2.4009657,2.4900498,2.514269,2.692792,2.6834192,2.6867418,2.6923745,2.760879,2.7462654,2.7378194,2.7207057,2.5799928,2.7058363,2.6815062,2.6044765,2.485532,2.4275315,2.2938218,2.264681,2.15989,1.9039252,1.8820996,1.8393334,1.667446,1.489033,1.4634535,1.3551221,1.3393925,1.2121304,1.0979459,1.0782456,1.0599372,1.0429398,0.9469166,0.890974,0.8897552,0.81149346,0.80853486,0.81040716,0.6941707,0.67771786,0.5227907,0.5271562,0.5191606,0.4958546,0.51159114,0.5166211,0.5006165,0.576195,0.62050956,0.6432896,0.70910585,0.7720514,0.785617,0.79794943,0.8105626,0.85567737,0.8283563,0.8241439,0.78567284,0.7390744,0.73521256,0.7263941,0.70093435,0.6926124,0.68057257,0.65983176,0.63612825,0.5925709,0.5504243,0.545423,0.49189422,0.4579154,0.44385225,0.44340995,0.43661782,0.43850875,0.42568558,0.3731333,0.36630374,0.3361759,0.32053345,0.29481354,0.28976914,0.26176825,0.26488924,0.27302322,0.26835412,0.27394566,0.26093268,0.28183854,0.28079206,0.28977308,0.26906863,0.26465186,0.2571641,0.2318497,0.22858198,0.24712393,0.22773124,0.229515,0.22973795,0.27708873,0.26510715,0.3283436,0.3329492,0.36496535,0.36889535,0.36937782,0.37027767,0.3447743,0.34300897,0.31984264,0.33084708,0.32074472,0.31626216,0.31156826,0.3091784,0.29604432,0.3085199,0.31145504,0.30810437,0.30036688,0.29907048,0.29670244,0.27957177,0.27458242,0.23274548,0.19290145,0.16746728,0.17654786,0.17413549,0.1481885,0.12727031,0.12430303,0.117434785,0.069303796,0.071157746,0.07505,0.085876316,0.08768563,0.09136918,0.09317945,0.09667713,0.10015498,0.09977003,0.103312485,0.10673063,0.10795219
0.020250576,0.01984631,0.019364562,0.019121915,0.018396223,0.01780111,0.017505826,0.016736666,0.016167931,0.015885776,0.018734934,0.01855701,0.018243419,0.017427098,0.017224599,0.011574978,0.0126861725,0.013112559,0.013756902,0.02488481,0.02621218,0.0321273,0.0340328,0.077096805,0.09353008,0.1723959,0.14768235,0.21408625,0.2547663,0.26085636,0.30173352,0.31992188,0.36240748,0.39191777,0.41320348,0.52093095,0.53236765,0.5391326,0.5509039,0.56063455,0.55335146,0.5405873,0.5277662,0.52063876,0.5050768,0.47195086,0.46288,0.40060687,0.38882744,0.37706012,0.41158068,0.42339855,0.42790848,0.44466108,0.45622575,0.49810544,0.53332347,0.5470692,0.57023054,0.6141127,0.674339,0.6890079,0.71247804,0.74626493,0.79639417,0.7923697,0.78614295,0.76745284,0.76011384,0.685681,0.6861611,0.8114861,0.888105,1.0313561,1.118737,1.1869667,1.2937763,1.5733751,1.7152065,1.7723612,1.9931527,2.0664432,2.1558232,2.2162845,2.2751029,2.325802,2.3669248,2.431964,2.5235713,2.5367537,2.5334678,2.5370085,2.5341809,2.6090925,2.6018674,2.5155785,2.4497871,2.4460948,2.5209262,2.3946023,2.3952067,2.2587755,2.2301927,2.1273217,1.9770988,1.752497,1.7291709,1.611124,1.4849997,1.4374155,1.2402126,1.2027447,1.2458099,1.083699,1.065975,1.0574778,1.028438,0.9231295,0.8724435,0.81464905,0.8155451,0.72356045,0.7224759,0.6828545,0.6323964,0.63386077,0.52468926,0.46912548,0.4625206,0.48092544,0.47275624,0.48912373,0.51638573,0.5384007,0.5229382,0.5740141,0.65291804,0.665888,0.6902072,0.7262098,0.7318193,0.73465174,0.76893383,0.7672086,0.74805874,0.72761905,0.7230757,0.71299773,0.7217823,0.6890963,0.66664284,0.63395864,0.59326947,0.5800794,0.56425375,0.509935,0.48249394,0.47141942,0.41813332,0.40706924,0.4146346,0.3943005,0.3703658,0.3562018,0.35595983,0.2713511,0.28358322,0.29314178,0.2621194,0.25888923,0.2569077,0.26713464,0.26274922,0.26617363,0.25682464,0.27296472,0.2715173,0.27768365,0.25748536,0.25521338,0.22245337,0.2317451,0.21927096,0.23896134,0.2390898,0.22970992,0.22832175,0.2627458,0.25561023,0.32007325,0.3569884,0.37035495,0.37474313,0.376087,0.37668908,0.37440303,0.37277085,0.33195686,0.3308733,0.3345911,0.3324645,0.3279984,0.3233783,0.31265864,0.30764797,0.3174861,0.3185276,0.3102236,0.3069189,0.3015308,0.29874206,0.29273677,0.291787,0.2901187,0.23212297,0.18986535,0.1844236,0.17098962,0.14824755,0.13600889,0.12614714,0.1123869,0.07291961,0.07490512,0.079099335,0.0895632,0.0914467,0.09517648,0.098893456,0.10068213,0.10391805,0.10551643,0.10754462,0.11050045
0.02027744,0.019673962,0.019417085,0.018818613,0.01799761,0.017698444,0.01710749,0.016581949,0.016011039,0.018783292,0.018243765,0.017906284,0.017468315,0.01685717,0.010673104,0.011792961,0.012201392,0.012870228,0.013402726,0.013372102,0.025274068,0.02774481,0.028306616,0.06880503,0.08658265,0.11318841,0.1390839,0.15342142,0.2118988,0.25089288,0.26923743,0.30534878,0.33720434,0.39976287,0.44642907,0.4957418,0.5033509,0.5429795,0.5504608,0.55445546,0.54870206,0.54272735,0.53553826,0.5192922,0.48760334,0.4729966,0.4510881,0.42874908,0.41758826,0.3946377,0.38229382,0.38414538,0.39828897,0.41307297,0.43242168,0.47120947,0.50553894,0.50209963,0.5462686,0.57755196,0.6087073,0.6481738,0.7027736,0.7085404,0.7214444,0.76665026,0.76911074,0.7669865,0.7638577,0.7406156,0.89132625,0.9340099,0.9570855,1.0922323,1.2273048,1.2652334,1.4869963,1.6015637,1.6321042,1.8148348,1.8923343,1.9721129,2.1500857,2.2595673,2.286196,2.3280487,2.3409345,2.3439183,2.4016511,2.47081,2.4745762,2.458873,2.4539464,2.447271,2.450865,2.385919,2.3824995,2.3492923,2.3778899,2.2807987,2.2698832,2.0691276,2.0431106,1.9076545,1.6604774,1.6169962,1.5983732,1.4582616,1.4242666,1.3362322,1.178972,1.1452767,1.0498089,0.982921,0.967543,0.9795245,0.87568915,0.81387246,0.76282215,0.7769893,0.7008255,0.69882655,0.6975071,0.69909567,0.6430348,0.625548,0.54548746,0.46100435,0.4512314,0.42029002,0.42606837,0.42437264,0.4769294,0.52538425,0.52424216,0.5689541,0.583535,0.5963317,0.60164374,0.64860284,0.66375154,0.653415,0.6905992,0.6999053,0.71379536,0.720222,0.71475685,0.6986853,0.70373964,0.66727257,0.63573986,0.6141518,0.56538147,0.5565451,0.50482833,0.47055274,0.46497303,0.42446095,0.3993704,0.39386514,0.37977982,0.377135,0.36971882,0.3499862,0.30623454,0.2686439,0.25403795,0.23647827,0.25888222,0.23860162,0.22869647,0.26400822,0.2560895,0.2392625,0.2710186,0.28975773,0.286499,0.26964477,0.2468856,0.24429908,0.22058918,0.2259485,0.22024614,0.23743926,0.23739824,0.22801751,0.2269952,0.2340584,0.2605642,0.3487252,0.37059596,0.3846239,0.38727018,0.3819565,0.38348764,0.38101852,0.38152412,0.36590615,0.33912137,0.33786258,0.3301427,0.32908964,0.33549052,0.33083636,0.32054895,0.31567574,0.32833913,0.3204157,0.31648743,0.31273904,0.31094295,0.30029938,0.29764098,0.29639956,0.29411277,0.24581535,0.2444373,0.19341502,0.16857238,0.15722808,0.13698155,0.121524654,0.11537559,0.08298653,0.078986205,0.08331391,0.09344526,0.0953386,0.09923106,0.10300779,0.104533955,0.10806245,0.111374654,0.11142263
0.02006119,0.019618671,0.018992325,0.018680165,0.017807314,0.017207006,0.016631823,0.016043514,0.018465722,0.017884307,0.017525539,0.017084327,0.01639554,0.015995007,0.0107834,0.011099921,0.011761704,0.012345633,0.012605641,0.012579153,0.023824874,0.024957482,0.02634187,0.027628543,0.071305096,0.10519651,0.11640493,0.14453648,0.20302382,0.21389669,0.2531082,0.28688625,0.29447624,0.39380506,0.4416687,0.46768966,0.49216864,0.54302496,0.5462834,0.5529787,0.5538478,0.5440755,0.538034,0.5042112,0.49511185,0.4710902,0.44588894,0.4330807,0.41158235,0.38717124,0.37703133,0.32633302,0.37166896,0.34505245,0.35606995,0.37751007,0.4339484,0.48737475,0.52375674,0.54310226,0.57877576,0.63524383,0.646747,0.68278074,0.72758234,0.7328217,0.7646434,0.7770544,0.7988351,0.86811817,0.9240662,0.946177,0.9931931,1.1265812,1.2456242,1.2809308,1.373254,1.5170023,1.6826509,1.8341632,1.9277409,1.9548708,2.1027832,2.1702788,2.23969,2.2603767,2.2903585,2.294464,2.2986507,2.4041479,2.406049,2.4100745,2.4076593,2.4013164,2.3768198,2.321305,2.291417,2.2180896,2.2608435,2.264489,2.1015015,1.9802529,1.9876194,1.8032764,1.7041866,1.6086085,1.5919374,1.5600041,1.3085196,1.2916212,1.1820648,1.0688353,0.9524795,0.95420015,0.84738904,0.84322757,0.80444926,0.7961838,0.7409773,0.736163,0.7441291,0.6747062,0.72913665,0.70164484,0.56987876,0.55663866,0.5295566,0.46818355,0.46903214,0.4655979,0.43324426,0.43269038,0.45433474,0.45875806,0.4699763,0.5167186,0.5541101,0.5661755,0.58852994,0.6063271,0.6341862,0.63749415,0.6571202,0.6636671,0.6720214,0.69253904,0.6792412,0.68143415,0.64030665,0.612228,0.57721096,0.5272337,0.5137527,0.50033635,0.42127573,0.43767667,0.4144193,0.40783256,0.40114734,0.37697172,0.36633137,0.37233803,0.36767286,0.30517462,0.29014888,0.26050732,0.24974269,0.23661652,0.22496535,0.2233392,0.2048494,0.21405034,0.25078455,0.23543377,0.2453356,0.25676662,0.25010994,0.26077014,0.24370565,0.241916,0.23974028,0.22348303,0.22476476,0.24765314,0.22823764,0.23382568,0.22482355,0.23146734,0.29118901,0.3614229,0.36641484,0.37689704,0.38740414,0.39018285,0.38169968,0.38568532,0.38388038,0.38276076,0.34904343,0.34850276,0.34187526,0.3399506,0.33759218,0.33456284,0.33355272,0.33116323,0.32631096,0.3213412,0.3278536,0.32369575,0.31968245,0.3124865,0.30647948,0.30330932,0.3018285,0.29528958,0.29314232,0.2653768,0.20436049,0.15875065,0.15646824,0.13506296,0.12292201,0.11839982,0.11377155,0.08806608,0.08773081,0.097518355,0.09944175,0.10342283,0.1072662,0.10875877,0.112309024,0.11565432
0.01996437,0.019078279,0.018759452,0.018136723,0.01722052,0.016923187,0.015998395,0.01808557,0.01786789,0.016934045,0.016477576,0.016250342,0.011385151,0.009641493,0.01007838,0.010508364,0.010787994,0.011322691,0.011251497,0.011387996,0.020953782,0.022893768,0.022829104,0.02818848,0.031153811,0.03195843,0.107498586,0.13329014,0.13832466,0.20447472,0.23696738,0.2534425,0.27527443,0.40437376,0.42133638,0.45436046,0.49312237,0.50442964,0.54496276,0.55481106,0.56088716,0.55548406,0.53164005,0.5209922,0.50100917,0.47359,0.45948592,0.43082526,0.4081779,0.39593187,0.37355587,0.31583533,0.31349772,0.3392338,0.33265534,0.34773722,0.37578312,0.40667167,0.4362945,0.53422326,0.56811124,0.5976547,0.6299877,0.68879175,0.7235165,0.69412684,0.71136636,0.81053,0.8245613,0.87033504,0.95955116,0.98245937,1.0809133,1.142057,1.173113,1.3086234,1.4678217,1.4978635,1.6709621,1.7891554,1.8143522,1.9322824,1.982912,2.0073144,2.0112128,2.2315903,2.2426198,2.2460568,2.2489712,2.3455982,2.3457112,2.265092,2.3403287,2.334292,2.2621927,2.1627696,2.1696832,2.2213778,2.2264946,2.2290394,2.0832837,2.0373194,1.9515065,1.7800491,1.7345093,1.6429238,1.6226468,1.5836114,1.3206637,1.2006935,1.1637487,1.0634669,1.0510068,0.88716364,0.81437826,0.81022376,0.7874865,0.7004602,0.70608616,0.67524576,0.64572376,0.6329953,0.63806367,0.6030458,0.5556687,0.5423772,0.48714617,0.4364106,0.45779234,0.44337857,0.41793886,0.40482858,0.3908925,0.44233862,0.45403022,0.43968546,0.5061895,0.5620253,0.57231987,0.5835662,0.59767365,0.61293685,0.61644036,0.6285718,0.62544477,0.6455423,0.6597912,0.65321994,0.6077099,0.59142655,0.5497604,0.5129907,0.49956635,0.49287343,0.41024852,0.3762892,0.39505523,0.39162374,0.38476086,0.3582148,0.3533374,0.31209138,0.30465862,0.2837487,0.2645196,0.23819226,0.23592733,0.21418299,0.20815364,0.20493679,0.22858514,0.19773152,0.19777535,0.21217188,0.23462471,0.23306975,0.23680642,0.23050818,0.2163412,0.23016788,0.22900738,0.2346698,0.23991017,0.22634713,0.22122496,0.24426647,0.21315244,0.25949714,0.26619625,0.3551299,0.3694393,0.37356734,0.40291995,0.39180437,0.41808966,0.42051864,0.41169894,0.41090608,0.40919268,0.36028063,0.3520443,0.35044998,0.34845027,0.3461996,0.33746144,0.33401728,0.33222586,0.3284361,0.3369942,0.3348191,0.33045122,0.32622105,0.31899363,0.31514722,0.31144893,0.30315283,0.30022177,0.29753488,0.26650792,0.23922677,0.18830565,0.18503958,0.15140937,0.12231112,0.12034464,0.0905812,0.092278145,0.09595702,0.10167073,0.10370599,0.107733615,0.111268885,0.11308932,0.11663566
0.019407889,0.018751586,0.018118815,0.017501468,0.016807357,0.016165083,0.015319385,0.014617036,0.013928233,0.01574297,0.01530271,0.011490775,0.01050885,0.0051526534,0.0057478305,0.0058547165,0.0063466383,0.006787375,0.0066790855,0.007017574,0.01578657,0.019133361,0.024353053,0.026830021,0.028244102,0.030522887,0.06529289,0.07076222,0.08097571,0.1904552,0.20584185,0.23546599,0.25062633,0.35830754,0.41590345,0.45127055,0.46568936,0.49664068,0.52772677,0.5337123,0.5430959,0.52596366,0.5194585,0.5322121,0.5108674,0.49578616,0.46448657,0.43685338,0.4252154,0.39801437,0.37432212,0.36236402,0.31224653,0.32769886,0.34547418,0.35712242,0.38919878,0.42546767,0.44900903,0.48274374,0.5147806,0.5774105,0.6363323,0.6384115,0.67300457,0.7064824,0.78545076,0.79844576,0.8520607,0.90259784,0.9216933,1.0106568,1.1129129,1.1424092,1.2019166,1.3586553,1.4845027,1.5130639,1.6221638,1.7745503,1.7637277,1.8623008,1.9637749,1.9894156,2.086858,2.110653,2.1991985,2.2063985,2.2082531,2.2073052,2.2220035,2.2231271,2.235524,2.218029,2.1435554,2.1368587,2.1433794,2.1927586,2.1169329,2.1182263,2.062899,1.8763325,1.7901884,1.7120869,1.6330665,1.6728318,1.6330038,1.594275,1.3739848,1.2460853,1.1495148,1.0121081,0.91706795,0.8901486,0.8638447,0.8510624,0.61116606,0.6420424,0.6417888,0.6418368,0.5849301,0.55449635,0.59198636,0.56380093,0.52395713,0.4564073,0.4372409,0.4009576,0.41895998,0.40569413,0.39226568,0.3683352,0.37918058,0.42870957,0.44776496,0.4237345,0.49197516,0.5444077,0.55402267,0.56412554,0.5897446,0.5917591,0.6074973,0.6050038,0.6061412,0.5993203,0.5634589,0.60157984,0.58691424,0.5410447,0.4871685,0.4789239,0.43867207,0.4173793,0.35549346,0.344334,0.33419287,0.35421085,0.32979015,0.2967178,0.2981496,0.2860277,0.24843474,0.22694923,0.23668802,0.23698768,0.21899115,0.21822205,0.21144024,0.23484688,0.21047482,0.21591559,0.20589209,0.20526163,0.20426574,0.18849169,0.22923073,0.21690448,0.21750644,0.21861783,0.21205448,0.23389658,0.23349832,0.23673935,0.2345472,0.23349269,0.20022456,0.23160204,0.2687205,0.3645076,0.35686746,0.39717132,0.40850705,0.39997053,0.40471828,0.4068691,0.41138467,0.4041705,0.40422243,0.40404433,0.40348035,0.39230326,0.3898856,0.3678021,0.3613822,0.35815132,0.36086118,0.35824403,0.34643573,0.34104142,0.33832118,0.3362013,0.32708424,0.32498088,0.32094732,0.3124699,0.31067994,0.30541477,0.302312,0.29724815,0.26611483,0.24067304,0.18440415,0.15564826,0.14074758,0.1196909,0.11684753,0.09852962,0.10184632,0.10602472,0.1101368,0.11194068,0.11566892,0.11926058
0.019034415,0.017967112,0.017633263,0.016470019,0.015758371,0.01539459,0.01403078,0.01331779,0.0129470015,0.011486875,0.010809719,0.010482487,0.0043908916,0.0049119024,0.0051762667,0.0054658838,0.005859002,0.0060368073,0.009756695,0.010034181,0.01015567,0.01770962,0.017799212,0.028057454,0.030488977,0.028459024,0.03394774,0.062410228,0.07113266,0.0771416,0.14402626,0.16788347,0.17133991,0.30904865,0.3727137,0.3855111,0.4255312,0.47040138,0.5112034,0.52484465,0.5320166,0.5335204,0.53548086,0.5238014,0.5127804,0.4799316,0.45686343,0.42613545,0.41934454,0.39079317,0.35311604,0.34419918,0.31593916,0.30802915,0.351536,0.3645966,0.40676206,0.41887045,0.46084476,0.49360502,0.50931334,0.5689346,0.6199494,0.635255,0.66443026,0.7458224,0.8196912,0.8370903,0.8885015,0.92477226,0.99107254,1.0439949,1.1454505,1.1740589,1.2308669,1.3842869,1.4432726,1.5235859,1.5786295,1.6575489,1.7642922,1.8526624,1.9055305,1.9005721,1.9644636,1.9862096,2.1014388,2.1754997,2.1764572,2.1751018,2.1114893,2.1301432,2.0478969,2.1125655,2.1336668,2.1184275,2.1247776,2.0516284,1.9709344,1.9704987,1.9135691,1.786326,1.7811453,1.7105525,1.6694613,1.6141673,1.5776405,1.5095894,1.3771538,1.2436095,1.0859741,0.9515986,0.9211131,0.89258677,0.86477935,0.8513054,0.6403815,0.6201628,0.6393046,0.6395904,0.5540926,0.5454719,0.52269125,0.48065245,0.4548589,0.44635367,0.40491775,0.38810313,0.37988722,0.36025375,0.30853578,0.3577688,0.3756804,0.387669,0.40018636,0.413379,0.44229224,0.5158427,0.53842735,0.5448681,0.5688999,0.58585835,0.5843621,0.58205163,0.5605289,0.5571606,0.50775206,0.5313957,0.5329149,0.4959446,0.4479834,0.4410392,0.39528325,0.35774168,0.35191977,0.32737005,0.3152238,0.30643612,0.2985607,0.29231238,0.25350878,0.24952298,0.2371167,0.24418132,0.2554504,0.2577442,0.21704085,0.21625866,0.23453744,0.21646765,0.2148739,0.21702442,0.18094577,0.2016944,0.20133668,0.20104237,0.18515377,0.18773048,0.1906713,0.1937533,0.20748472,0.22428365,0.23388466,0.20814572,0.23583777,0.2377392,0.23895478,0.24681382,0.27737555,0.3128889,0.36032408,0.39193714,0.39442945,0.39954177,0.40404448,0.4079517,0.4096841,0.41334417,0.40774482,0.4075521,0.40686682,0.4042817,0.40365323,0.40733895,0.40292126,0.38991085,0.38463172,0.37924004,0.35893202,0.35370234,0.3484577,0.34583002,0.33429074,0.33199096,0.32987323,0.3214392,0.31751505,0.3156046,0.3119115,0.30311146,0.29967248,0.29570422,0.2349283,0.21412402,0.18452923,0.14090447,0.13838974,0.110158674,0.102775775,0.10480729,0.110506445,0.11440997,0.11641249,0.12012561
0.018137183,0.017274741,0.016575465,0.015145396,0.014780621,0.01403263,0.012486091,0.012127613,0.011424532,0.010012774,0.009691416,0.008980802,0.004148325,0.0043756166,0.004833616,0.008824076,0.009050473,0.009479015,0.013706027,0.013946177,0.017598774,0.01859505,0.01774091,0.018794281,0.02079685,0.021075562,0.022668824,0.019594112,0.02033534,0.057501324,0.07742054,0.12153576,0.14723244,0.29011345,0.31523728,0.37729457,0.42062145,0.447961,0.48341662,0.5167577,0.5357284,0.54187196,0.5459417,0.54550564,0.5427369,0.51152307,0.47829902,0.47400934,0.44173545,0.39135268,0.40778646,0.38599792,0.33488992,0.3367262,0.36067545,0.39605477,0.41613194,0.444989,0.47410196,0.48883906,0.5203179,0.57780963,0.6301445,0.64570403,0.7273429,0.769627,0.8102672,0.86022127,0.9069548,0.92825264,0.97286415,1.0768702,1.1044708,1.2060266,1.3507625,1.4129337,1.4706353,1.5228711,1.6167668,1.6385864,1.7334877,1.7784724,1.859694,1.9192274,1.9709989,1.9828349,2.0021973,2.04027,2.0398536,2.0391598,2.059572,2.0561526,2.0548086,2.057118,2.0539849,2.053607,1.9742779,1.9532881,1.9185016,1.9141424,1.9139246,1.828899,1.7956198,1.7802713,1.74762,1.6563706,1.6218576,1.5926219,1.4705491,1.3081725,1.1594694,0.9642597,0.9457561,0.89607835,0.84880257,0.83742136,0.7353136,0.71513766,0.61990064,0.60402566,0.47873533,0.46044686,0.45371944,0.38110226,0.37677985,0.38954908,0.3765486,0.35305977,0.34698707,0.30537826,0.3033355,0.2519066,0.2770233,0.3400692,0.36956266,0.3794729,0.4481009,0.5021076,0.50997496,0.5199811,0.54030144,0.56252813,0.5618375,0.54059523,0.5344146,0.50855553,0.4687999,0.4641253,0.46292755,0.4747253,0.4389726,0.42358798,0.39920425,0.34680852,0.3289302,0.32279745,0.31067607,0.29910403,0.29119885,0.2863402,0.2576345,0.2221126,0.2195088,0.2191264,0.25297943,0.25295135,0.23534846,0.20437443,0.20073445,0.20218031,0.20831953,0.17819662,0.18627673,0.1852259,0.1855961,0.19900024,0.18991166,0.1949754,0.19146883,0.19466922,0.22571878,0.22656216,0.23740257,0.21923657,0.22996315,0.2419816,0.26591408,0.2691492,0.2864328,0.32499468,0.32929474,0.36354256,0.3967877,0.39938602,0.40373963,0.42927408,0.42048937,0.42141512,0.42218214,0.4225775,0.42264262,0.40715867,0.4056697,0.40479732,0.40279907,0.40084547,0.3985357,0.39376748,0.3888749,0.37585425,0.37037894,0.3648482,0.34613588,0.34093127,0.3357211,0.333139,0.32544053,0.32142162,0.31948942,0.31212392,0.30864438,0.30391154,0.29569793,0.24397095,0.23929374,0.17855321,0.14852065,0.14555244,0.11462245,0.115519255,0.11636092,0.11485776,0.118949376,0.12093766
0.016688086,0.01592136,0.015163078,0.013928346,0.013166018,0.012420334,0.011273234,0.010590118,0.009925558,0.008861216,0.0110116005,0.0031353503,0.0072670016,0.007935201,0.00848439,0.008886104,0.009317858,0.013621139,0.014306265,0.017917043,0.018509783,0.018869318,0.019865178,0.02086685,0.021874255,0.022015404,0.023288488,0.023780053,0.019762464,0.020695247,0.021186288,0.061937932,0.12962018,0.25910926,0.30220687,0.3685946,0.3917908,0.4420573,0.4787349,0.5038831,0.526758,0.5428678,0.5417792,0.5584871,0.5603454,0.51581985,0.50362253,0.503851,0.4725531,0.4582531,0.41660163,0.40599108,0.417467,0.39142266,0.40544012,0.41366774,0.43995723,0.4645866,0.4812199,0.49544525,0.5247858,0.5860423,0.6266979,0.6841662,0.71320975,0.76261336,0.8233811,0.87076384,0.8935904,0.9487829,0.9961459,1.0447793,1.0688734,1.1753403,1.3175278,1.3481536,1.4890188,1.5441363,1.610339,1.6521907,1.7375492,1.7894385,1.8137281,1.8599931,1.9503462,1.9647558,2.04808,2.0482593,2.047085,2.047066,2.0420232,2.067927,2.0719957,2.0661197,1.9888104,1.9846121,1.930281,1.9549588,1.9521731,1.9140297,1.9131306,1.832461,1.8204882,1.7239732,1.7498797,1.677523,1.6409361,1.5190011,1.4967701,1.3749815,1.2043062,1.0274699,1.0003031,0.9036341,0.85756487,0.80050766,0.74815804,0.6610462,0.58924127,0.4920641,0.4306523,0.4171986,0.40947533,0.39331353,0.35457143,0.34652078,0.3246851,0.2933614,0.28897905,0.31003413,0.28450137,0.25113025,0.25817773,0.3096758,0.36679462,0.37966967,0.4009598,0.43482062,0.466463,0.5208806,0.53092927,0.525307,0.5248778,0.51957244,0.4846293,0.46299806,0.45848566,0.44141805,0.4660091,0.46731472,0.42079306,0.37268075,0.36854187,0.35559073,0.30894879,0.3012875,0.3000615,0.289187,0.24635379,0.24350345,0.228289,0.20419733,0.20085119,0.20790724,0.20789021,0.21454301,0.23006795,0.20412058,0.19838172,0.20915826,0.20371924,0.17517193,0.17495528,0.17562248,0.18253131,0.17002568,0.19049019,0.19919159,0.20855996,0.21642499,0.23527224,0.24892779,0.24037515,0.22222686,0.24302258,0.2547453,0.27093214,0.3068712,0.30924714,0.3294521,0.33644652,0.34451804,0.35724428,0.41615945,0.40294904,0.40637928,0.42672142,0.42919746,0.4208794,0.42092246,0.42059645,0.42135638,0.4206488,0.41794413,0.4162183,0.4046355,0.400072,0.39774054,0.3929407,0.38616058,0.3836338,0.37849995,0.36744428,0.36090648,0.35539797,0.349907,0.33315492,0.32815027,0.323195,0.32377666,0.3197377,0.31586024,0.30368626,0.29940578,0.26963457,0.23627858,0.21948063,0.18933369,0.14710818,0.12194285,0.123696476,0.12084665,0.12433413,0.1235103
0.015054908,0.014651156,0.013863294,0.012264152,0.011902677,0.011184787,0.0097325565,0.009410988,0.011378235,0.010616962,0.010463545,0.007207043,0.0046170233,0.008133322,0.009152381,0.009706275,0.010184358,0.010389839,0.014666241,0.015178881,0.018802715,0.02058149,0.021473462,0.021857176,0.022065837,0.021835733,0.017784415,0.018045306,0.018972924,0.019401094,0.020308714,0.025061656,0.030069081,0.12551321,0.28940338,0.306616,0.38757795,0.43085936,0.44718435,0.49898288,0.52750623,0.54637516,0.54867285,0.5654436,0.58158046,0.56765395,0.5419384,0.51866746,0.50582963,0.45934197,0.43850937,0.4459207,0.43446082,0.40826595,0.42135426,0.4289969,0.46916416,0.4905412,0.5020295,0.51028264,0.54251724,0.5602668,0.6387661,0.6975863,0.7072921,0.79112536,0.8243051,0.88126034,0.905487,0.95690495,1.0142843,1.0396173,1.1341342,1.1932759,1.3195791,1.3915522,1.4859681,1.5821763,1.6039,1.6479743,1.7460607,1.7725861,1.8241904,1.8620424,1.8799585,1.9277537,2.0169754,2.0229368,2.0244598,2.0312119,2.0551133,2.0609074,2.0810785,2.0083673,1.9968679,1.9917573,1.978851,1.9549259,1.9513566,1.90024,1.9120017,1.8475914,1.8244429,1.7385083,1.711027,1.6941581,1.6602838,1.550552,1.4524211,1.4017345,1.3320234,1.1656969,1.134514,0.9207271,0.88560563,0.8008208,0.73460186,0.6637281,0.51907855,0.4846088,0.4246056,0.40956867,0.40174133,0.39114958,0.3782573,0.34167683,0.32323533,0.30852178,0.28673258,0.28350234,0.287821,0.25554785,0.27876377,0.3260263,0.34996998,0.36245948,0.42448148,0.4429858,0.44274145,0.4424845,0.45686072,0.5070733,0.5074583,0.47116327,0.45127076,0.45294738,0.44908205,0.38797274,0.38611826,0.39577195,0.3769796,0.37015748,0.34402046,0.33586907,0.3242691,0.2888095,0.28367934,0.24032088,0.24381578,0.24284674,0.22198269,0.19853304,0.19839995,0.19652376,0.2031956,0.21025947,0.20745324,0.20044723,0.19499862,0.17142454,0.16905095,0.17291525,0.17108396,0.17196937,0.19004995,0.17739062,0.2209082,0.21324973,0.21017823,0.21287453,0.23231336,0.24887721,0.24903888,0.23965004,0.2564264,0.2527901,0.28034848,0.30582204,0.31376103,0.31735802,0.3383136,0.3602891,0.36370373,0.41049853,0.41377527,0.41515884,0.41748303,0.41916487,0.42593983,0.42593545,0.41889748,0.41786268,0.41826218,0.41683823,0.41379142,0.41233972,0.40850824,0.39786536,0.39547613,0.38950095,0.38450173,0.38195962,0.3768611,0.37008667,0.36243284,0.3570079,0.34835833,0.34565774,0.34037432,0.32296866,0.32060555,0.32244337,0.31551665,0.3063929,0.30221698,0.29774746,0.252173,0.23208708,0.19869637,0.13432677,0.13308492,0.12822542,0.12894855,0.13193813
0.0136999935,0.012921537,0.012174313,0.010984791,0.010291657,0.009627452,0.011211121,0.01090245,0.010598942,0.010203444,0.006901822,0.008446177,0.008755917,0.009361633,0.010791855,0.011095815,0.011644808,0.0127210105,0.015882345,0.016326603,0.016758842,0.02130426,0.021913784,0.02206843,0.021610327,0.021475514,0.01731606,0.012018424,0.017662536,0.018405205,0.019218106,0.023511726,0.02942624,0.15184067,0.17829143,0.27810204,0.37471285,0.41994417,0.43841806,0.4785808,0.5323252,0.54318124,0.5542785,0.5924874,0.58276916,0.57715815,0.5523809,0.53911567,0.5141357,0.47392344,0.46236682,0.46025005,0.45026633,0.42429295,0.42991525,0.4433208,0.485998,0.49571934,0.51680714,0.53940237,0.5662017,0.59139055,0.64120424,0.70004076,0.70966375,0.7968227,0.83384264,0.8535146,0.92355824,0.9654776,0.9894693,1.0435339,1.1196882,1.2367724,1.3173909,1.3891957,1.5060049,1.5278202,1.5963604,1.6421094,1.733671,1.7554642,1.8456811,1.854661,1.873,1.9294878,1.9463407,2.0169952,2.006323,2.031546,2.0341315,2.0640428,2.0306656,2.0159929,2.0092409,1.9967287,1.9622701,1.9536712,1.9493363,1.8998312,1.9086379,1.9014661,1.8291793,1.7474324,1.7339494,1.71943,1.6904074,1.5966073,1.5036236,1.4480437,1.3974608,1.2700174,1.0794867,1.0271522,0.8560496,0.8290418,0.7396009,0.64320123,0.6204263,0.44685438,0.43536603,0.4228837,0.38585046,0.3849857,0.37267804,0.35736772,0.31701854,0.29219133,0.28009775,0.27818248,0.29254365,0.27597052,0.2830797,0.32454586,0.3549799,0.38568076,0.3933024,0.42383856,0.42385137,0.42976582,0.44671515,0.44569138,0.43412185,0.43574938,0.39934734,0.39585677,0.3836207,0.38193905,0.3751101,0.35568014,0.3390623,0.34316367,0.3152382,0.29982156,0.27788413,0.27884173,0.27256644,0.24295425,0.25315756,0.2363255,0.23565213,0.19722958,0.1966064,0.21743347,0.1976281,0.2042981,0.19455361,0.19149558,0.17532016,0.16341229,0.16323653,0.17293972,0.17555639,0.17688784,0.19440033,0.18506971,0.20462061,0.21273337,0.23320548,0.2311694,0.23129725,0.25207746,0.25659975,0.24975307,0.24134593,0.2539293,0.27686077,0.30654156,0.31444958,0.32261813,0.32907185,0.34365922,0.3506862,0.36761674,0.4088838,0.41153935,0.41263652,0.4143604,0.41775462,0.4180466,0.4240271,0.42245233,0.4154523,0.4145342,0.41243833,0.4090364,0.40759823,0.40352318,0.39923623,0.39141756,0.38646075,0.38139766,0.37884974,0.37287414,0.36770734,0.36512282,0.35431346,0.34903896,0.34382966,0.33853284,0.33028993,0.32539853,0.32301986,0.31739977,0.31452596,0.3122506,0.29011256,0.26155666,0.2529504,0.19998845,0.173598,0.13812707,0.13656782,0.13912646
0.011962637,0.0112300245,0.010876341,0.011684901,0.011298259,0.010743741,0.010512921,0.0102903675,0.012375184,0.007786341,0.0085516125,0.009701134,0.010368452,0.011023451,0.01222156,0.012769356,0.013213951,0.013805258,0.013782721,0.01735715,0.017712068,0.017755633,0.021958241,0.021702398,0.021264667,0.01673434,0.016738068,0.011121009,0.011244854,0.017293243,0.017061861,0.022534482,0.028772097,0.029535651,0.16322625,0.22630766,0.31328878,0.35953912,0.39761195,0.4783486,0.50643444,0.53047067,0.5465179,0.564865,0.5969675,0.5720756,0.5601907,0.53462875,0.5132928,0.4867498,0.49004787,0.47314596,0.4648147,0.45893842,0.4444799,0.48595908,0.49399137,0.5116846,0.53129315,0.552443,0.5743226,0.6104092,0.6672992,0.6768052,0.7066211,0.7944728,0.808214,0.84544426,0.91441476,0.96638215,0.99262786,1.0550257,1.104981,1.1936654,1.2615558,1.3728646,1.4524091,1.4723464,1.5633166,1.5877182,1.609147,1.7257408,1.7710292,1.8192716,1.8702292,1.8641368,1.8938218,1.9993279,1.9533414,1.9705936,1.9514223,2.0537214,2.037078,2.0210555,2.0135012,1.995023,1.961139,1.9562211,1.9461997,1.9167867,1.9033905,1.8974627,1.8315514,1.73778,1.725005,1.6996964,1.6083663,1.5190836,1.5006354,1.4631305,1.299155,1.2789804,1.0894502,1.0438282,0.86409277,0.82274854,0.7873233,0.6180843,0.5675934,0.4360809,0.4241328,0.4113971,0.401214,0.39312598,0.3744897,0.34375164,0.3167746,0.3120639,0.292914,0.290879,0.25414148,0.2962016,0.30194727,0.32832047,0.36864212,0.3732033,0.37578812,0.39327425,0.41230467,0.40606916,0.4116979,0.4135867,0.40055895,0.39852685,0.3899802,0.38642177,0.35568145,0.35436112,0.3346285,0.3197128,0.31709686,0.3118177,0.29529312,0.29214624,0.27139738,0.26354685,0.2601546,0.24446434,0.2280531,0.24495608,0.21969151,0.20736355,0.22610368,0.22584052,0.22852232,0.21892078,0.20534258,0.20290163,0.19188057,0.18493178,0.1772565,0.20069158,0.19590376,0.21630788,0.19871596,0.19967824,0.20477884,0.2059576,0.22464806,0.23682727,0.24794853,0.2285837,0.24364583,0.23949009,0.24092603,0.2735636,0.29880267,0.3029014,0.31148604,0.3251115,0.3290681,0.3428961,0.35004488,0.3679335,0.38176388,0.40741178,0.40950808,0.4103178,0.4133778,0.41387638,0.41390803,0.41348803,0.4184172,0.4160706,0.41473702,0.41181746,0.40445232,0.40235776,0.39801514,0.393502,0.39186934,0.38718837,0.3771921,0.3742847,0.3691539,0.3640117,0.3608697,0.35578665,0.34654927,0.3416372,0.33749658,0.33363268,0.32893926,0.32167807,0.31722978,0.30760017,0.31029317,0.29176745,0.26965326,0.23853514,0.21690479,0.20253299,0.15168463,0.14776558
0.010625953,0.012013239,0.011580122,0.010938101,0.01065833,0.010212794,0.010143696,0.012301844,0.008638658,0.009448005,0.009830934,0.011378783,0.012086099,0.0124415625,0.013873105,0.01425533,0.014279949,0.014564745,0.0143469805,0.014207593,0.013938556,0.017732263,0.017482588,0.020991843,0.020498052,0.015971828,0.015946534,0.0103448955,0.010461906,0.010483677,0.02055002,0.026666014,0.027393593,0.0287924,0.15168266,0.18266787,0.2373182,0.34335083,0.39848953,0.4186759,0.46738282,0.516989,0.51914793,0.5866158,0.56552446,0.58361876,0.5585982,0.5380779,0.5191264,0.5103286,0.5146006,0.501319,0.49593458,0.47015652,0.47677615,0.5160145,0.53028655,0.54629725,0.56383085,0.57295656,0.609675,0.6212748,0.6502538,0.663852,0.693053,0.7784675,0.79141986,0.8518834,0.89776427,0.9229279,0.99359316,1.0492973,1.0879945,1.177551,1.2433479,1.3421692,1.3659496,1.4131014,1.498441,1.5173082,1.5638268,1.6075627,1.7359666,1.759297,1.8081853,1.8319428,1.9098583,1.8432811,1.8685207,1.8604051,1.8895657,1.9577225,2.016622,2.0232306,2.005221,2.0082963,1.9304216,1.9240022,1.9113728,1.8398457,1.8946731,1.8924799,1.8188236,1.6858193,1.64295,1.6127303,1.5833367,1.4895082,1.478209,1.3670167,1.2979077,1.1590977,1.133334,1.0668935,0.8031431,0.783015,0.75397855,0.53028494,0.5123365,0.41633245,0.39896026,0.39867806,0.3932753,0.37575197,0.3664023,0.34171727,0.3251555,0.31035754,0.31605357,0.31567165,0.3425788,0.31989378,0.3164298,0.3258636,0.3345037,0.36887485,0.37988114,0.38537264,0.3934153,0.39340603,0.40023682,0.38600004,0.3889833,0.38635328,0.36822605,0.36762872,0.33515528,0.33273715,0.3391394,0.3134532,0.30672026,0.2877608,0.2823398,0.28377825,0.267224,0.26348615,0.2316314,0.22919054,0.24651137,0.22409248,0.21314208,0.21477115,0.21985647,0.21937335,0.19862767,0.17755216,0.17728095,0.18390435,0.20026305,0.2164306,0.21170029,0.2145489,0.24709058,0.25813895,0.23010321,0.21797924,0.221726,0.22168712,0.22553785,0.23694691,0.23745115,0.23774001,0.2530803,0.2465035,0.26545674,0.2723318,0.29681864,0.30517355,0.3095418,0.31865874,0.3321613,0.3358823,0.3519425,0.35838044,0.3722443,0.37477478,0.38882318,0.39153597,0.4097395,0.41032124,0.41026625,0.41001296,0.41480052,0.41248122,0.4097578,0.40826035,0.4066546,0.40306076,0.40113384,0.39224604,0.3881712,0.38577706,0.38093013,0.37221333,0.36962947,0.36449623,0.35942486,0.35426164,0.35177138,0.3468959,0.33816907,0.33584276,0.33130485,0.32550997,0.32336265,0.31797716,0.31165576,0.3092818,0.29628748,0.2680562,0.2598923,0.238571,0.20379147,0.17243746
0.011359344,0.010999964,0.0108414,0.010279922,0.010143383,0.012127955,0.007892298,0.008669349,0.009930019,0.010755004,0.011506163,0.012763557,0.0134890685,0.014087781,0.015090344,0.01508362,0.0150015745,0.015069857,0.014930907,0.014570199,0.02230019,0.022085337,0.025817284,0.020597778,0.020131832,0.015243961,0.009809997,0.004767781,0.0,0.0048524365,0.009607861,0.02072028,0.02224279,0.02383201,0.024320336,0.17586747,0.21311241,0.3031738,0.31558013,0.36575124,0.44443938,0.4438326,0.51957095,0.5367142,0.5499477,0.5395777,0.54947716,0.5351374,0.52793145,0.5292944,0.5196898,0.51765454,0.5320173,0.52646476,0.49794486,0.5343317,0.54769313,0.56256783,0.5704491,0.5870623,0.6170486,0.6221003,0.6359078,0.6705747,0.6862731,0.74820864,0.80482644,0.8214826,0.83990484,0.9055271,0.9764516,1.0103585,1.0368772,1.0741429,1.1972104,1.2241292,1.3100786,1.3574514,1.3684819,1.4078333,1.4923891,1.5236347,1.653855,1.6749356,1.7205054,1.7241083,1.687258,1.7098925,1.7500143,1.7797409,1.7940422,1.8208905,1.9156516,1.9127554,1.9014505,1.960704,1.9149601,1.9081401,1.8311543,1.8109101,1.8009461,1.7968987,1.6659495,1.6430681,1.6315691,1.5928133,1.5645871,1.4988667,1.3522184,1.2012727,1.1752349,1.1258885,1.0378448,0.882403,0.7698199,0.64117974,0.63427883,0.57847255,0.56561553,0.41030997,0.36566985,0.36202392,0.3570704,0.3732501,0.35434192,0.33338508,0.3289998,0.3251126,0.3418297,0.34240586,0.3109299,0.31569123,0.32508186,0.32819602,0.36749187,0.36734238,0.3491324,0.36171675,0.3613302,0.38177016,0.38251218,0.38241845,0.37116244,0.360848,0.35160735,0.3284152,0.33917445,0.3359524,0.31361756,0.3018272,0.2967415,0.274018,0.26909444,0.2538685,0.25444803,0.25523365,0.22823995,0.2237384,0.2448634,0.22938704,0.21727626,0.19848119,0.19920291,0.1963492,0.1784435,0.17776284,0.18888602,0.22149,0.2225085,0.22546883,0.22978245,0.23380062,0.23597822,0.23415498,0.24905097,0.24677804,0.24147037,0.22321008,0.23560438,0.23522837,0.25733835,0.24359155,0.24381737,0.25505394,0.25110102,0.29368442,0.29432136,0.3026829,0.3115755,0.31620008,0.32897982,0.33717975,0.34977862,0.35649213,0.36263806,0.37497726,0.37727997,0.38776356,0.39164326,0.40745142,0.40749905,0.40692952,0.40766102,0.40616608,0.40692812,0.4038621,0.403481,0.399866,0.3959509,0.39387533,0.3869371,0.38207418,0.37958848,0.37529555,0.37033498,0.36196992,0.35942596,0.35442615,0.3495165,0.34710336,0.34234762,0.33775836,0.33303246,0.3279762,0.32381293,0.32180402,0.31612012,0.31188554,0.3076111,0.29468766,0.2877905,0.26502833,0.23840836,0.21976188
0.010634902,0.010384969,0.010196328,0.011878094,0.012005214,0.008706348,0.009522098,0.009945144,0.011674442,0.012473868,0.01285831,0.014430106,0.0149941165,0.015234089,0.021258116,0.021773277,0.022176588,0.022978753,0.023103282,0.022936013,0.023147747,0.022518687,0.021668557,0.021308968,0.016161058,0.015580154,0.00977979,0.009898169,0.0,0.0,0.004746415,0.010798601,0.017593386,0.018143691,0.02397335,0.044308048,0.19751394,0.23135778,0.26995605,0.33435264,0.3554531,0.44762376,0.48883426,0.50129396,0.5286356,0.52801573,0.5233164,0.5361748,0.5471913,0.5345241,0.5321721,0.54374397,0.49871698,0.51310307,0.52737004,0.53496474,0.56604445,0.57286215,0.58731925,0.65849674,0.6263592,0.63702625,0.6389413,0.6746572,0.7039001,0.7642779,0.8014556,0.8250819,0.83926797,0.89270073,0.93951607,0.94412434,0.99479824,1.0261222,1.1394572,1.1659719,1.2176756,1.2901235,1.2760433,1.3163314,1.3562182,1.3846267,1.4624217,1.5629928,1.5950059,1.6254995,1.585497,1.6484069,1.6548328,1.6730808,1.7085341,1.7307678,1.7622566,1.8112342,1.8470811,1.8007128,1.8044335,1.7899356,1.7794752,1.7324531,1.7165567,1.6215786,1.5883019,1.5834447,1.5186099,1.4866436,1.1810452,1.1637146,1.1288689,0.9788613,0.9533123,0.9183154,0.8827814,0.8521805,0.64385986,0.63420093,0.5775152,0.5318874,0.52995473,0.39542228,0.36816245,0.33623198,0.3331323,0.33660623,0.3250242,0.33031487,0.32656494,0.30092558,0.30665088,0.3106288,0.3186073,0.32587066,0.30841938,0.30942726,0.3547273,0.35362822,0.3632536,0.35881427,0.35667062,0.33553874,0.33689684,0.33908802,0.35751456,0.35555667,0.34150225,0.33557826,0.3288319,0.32555863,0.30469137,0.29837063,0.2812483,0.2708278,0.26080635,0.24630575,0.24718042,0.2362859,0.22488618,0.2207519,0.227022,0.22045955,0.20967892,0.2089937,0.19072768,0.19574168,0.1777321,0.17683014,0.18264684,0.21619269,0.23155993,0.24415913,0.24478443,0.23702183,0.23926647,0.24342407,0.24702609,0.24648583,0.24640812,0.24617612,0.24676833,0.24099553,0.23353112,0.244343,0.25395328,0.2544589,0.2557041,0.29037496,0.29778415,0.30416623,0.3125885,0.3199437,0.32595727,0.3344323,0.34258267,0.3541477,0.36064547,0.3726346,0.3774126,0.37948978,0.3885116,0.39239722,0.3929444,0.40491003,0.40385386,0.4039515,0.40198496,0.4017993,0.39840716,0.3974757,0.3935537,0.38935792,0.3882724,0.38376424,0.37608224,0.3710187,0.369027,0.36400852,0.35659388,0.35427147,0.3493436,0.34456965,0.34231701,0.33775976,0.3333684,0.32920784,0.3251145,0.32119328,0.3168856,0.31508088,0.31085008,0.30543333,0.30195522,0.29591998,0.2664252,0.2534561
0.010021967,0.009919192,0.011744532,0.01201253,0.012370318,0.009945789,0.010821574,0.011706408,0.0133770425,0.013773152,0.014532909,0.020291964,0.02076608,0.021476652,0.022735974,0.022960743,0.023339406,0.02411154,0.023980882,0.023882348,0.023638658,0.02288532,0.022395939,0.02161166,0.016645905,0.016354388,0.010953999,0.010524083,0.009989711,0.009680088,0.0048009437,0.010878423,0.0114989905,0.01774235,0.023519251,0.041503597,0.051427558,0.21349987,0.25262108,0.27094936,0.33102158,0.4231489,0.44767582,0.47540125,0.50838923,0.51157355,0.5359565,0.5552614,0.5487314,0.5456942,0.53885454,0.50497633,0.5268755,0.53034085,0.57412934,0.5858987,0.5922078,0.6154288,0.61422366,0.68515044,0.69470966,0.706496,0.7028002,0.7274085,0.73008144,0.7272335,0.7849827,0.7972639,0.81689996,0.8623167,0.8797734,0.9019956,0.9452867,0.98599,1.00577,1.1022668,1.1620035,1.179809,1.2021959,1.2448521,1.2807276,1.2931168,1.3169872,1.443027,1.5070835,1.4666046,1.4797546,1.5392135,1.551776,1.5717838,1.6029693,1.6366131,1.6521765,1.6867702,1.749895,1.7521384,1.7255014,1.7445872,1.7543077,1.7179688,1.6675264,1.5728627,1.5380799,1.498691,1.4668723,1.3251256,1.1351393,0.9998642,0.97459745,0.9498565,0.9035368,0.89066577,0.8117856,0.7910376,0.68075377,0.6380047,0.6182732,0.5333349,0.512014,0.39297944,0.3584296,0.351518,0.34824786,0.3211511,0.3201136,0.27079192,0.30650052,0.31104589,0.33669743,0.33982837,0.34597144,0.34033236,0.34761247,0.34627223,0.34830222,0.36529446,0.3634096,0.36021912,0.35251394,0.33648223,0.33793014,0.32294306,0.34040543,0.34990776,0.34839377,0.32590547,0.3185676,0.291373,0.28946948,0.2857589,0.27439362,0.27207577,0.25832242,0.2323847,0.21260488,0.2099272,0.22201787,0.22318293,0.21658193,0.21727444,0.21022002,0.20949633,0.20910987,0.1904044,0.19665557,0.18474516,0.21314357,0.21526188,0.2341767,0.24597386,0.24768424,0.251272,0.23887902,0.24030778,0.27121425,0.24725282,0.22591922,0.24223535,0.25313208,0.24443187,0.23242022,0.23788485,0.2380916,0.2515984,0.2521845,0.2855222,0.2963656,0.3004561,0.30870742,0.31756756,0.32494706,0.33114707,0.33961925,0.3548763,0.35822994,0.36554235,0.37525353,0.3795934,0.38143343,0.39094198,0.39217973,0.39250234,0.3925742,0.40154803,0.39940998,0.39814913,0.39524427,0.39394853,0.39196274,0.3877809,0.3840369,0.38174286,0.37705722,0.37225384,0.3655386,0.36301288,0.35798362,0.35145336,0.3490081,0.34421003,0.33976418,0.33749786,0.3331238,0.32905135,0.3250549,0.32174712,0.31785697,0.31437418,0.31269962,0.30820793,0.3046452,0.30284718,0.2936692,0.2741708
0.011490488,0.011612709,0.012125735,0.01257725,0.00993889,0.011692241,0.014822988,0.015436059,0.017838309,0.01908057,0.020225024,0.021710783,0.022389548,0.022962693,0.023946946,0.024361175,0.024642872,0.025109481,0.024979038,0.024513083,0.024153829,0.023659658,0.022702316,0.017773703,0.017474303,0.016884921,0.011598263,0.011331576,0.010696704,0.009983271,0.010016203,0.0103247985,0.016677115,0.02207651,0.022788446,0.040882554,0.07183973,0.082140334,0.2097717,0.24355268,0.30027696,0.30431896,0.4225735,0.45163298,0.47698414,0.4890768,0.52397555,0.5468687,0.547902,0.56057805,0.52309334,0.53636897,0.5443274,0.54508024,0.6016859,0.6082149,0.63083655,0.6433356,0.68043905,0.6778417,0.6869546,0.72553295,0.7198364,0.715336,0.72605085,0.7363332,0.7319408,0.7799785,0.81287265,0.8349115,0.83460855,0.83389807,0.8934608,0.93106604,0.94970316,1.0348319,1.0823927,1.0679628,1.1022754,1.1312588,1.2027494,1.213708,1.2505902,1.2688586,1.3665096,1.3310121,1.3866469,1.4431144,1.4304091,1.4709183,1.4798025,1.5138355,1.5307316,1.5781982,1.6121496,1.6022359,1.6295475,1.614087,1.6994753,1.6886237,1.5571427,1.52312,1.462705,1.3479604,1.3129123,1.0597315,0.98187375,0.9697622,0.9459319,0.90189093,0.8771881,0.8137543,0.79431146,0.6801631,0.6757527,0.660837,0.5890201,0.52237743,0.5093613,0.42322838,0.3295074,0.30903408,0.30628675,0.32879162,0.29177228,0.30659243,0.31007397,0.31697962,0.34467214,0.34763426,0.35132235,0.3432899,0.37147334,0.3706269,0.35227785,0.35016063,0.36451694,0.35313547,0.3698575,0.3372735,0.32457408,0.32405722,0.32209674,0.33224422,0.33971077,0.31313005,0.30655318,0.28538945,0.28329158,0.27620125,0.27005884,0.26622853,0.25436196,0.2361872,0.21436922,0.21083911,0.22256017,0.2198006,0.21409878,0.21158612,0.21479492,0.21036477,0.21169187,0.21170378,0.19846186,0.22135365,0.21536343,0.21789896,0.22090434,0.24314786,0.2435856,0.24512452,0.25950158,0.2653466,0.26466185,0.2507734,0.24750797,0.24667832,0.26034063,0.26061976,0.24890752,0.23608388,0.23625118,0.24825789,0.2494873,0.25023362,0.2912603,0.3000725,0.30475655,0.3132726,0.32526565,0.3318276,0.3361636,0.3445531,0.35872307,0.36328134,0.36902183,0.37759787,0.3815077,0.3858989,0.39106792,0.3918956,0.39200956,0.39997005,0.39825252,0.39591298,0.39453417,0.39304355,0.3890434,0.38693374,0.3828417,0.37820572,0.3734312,0.37100193,0.36662912,0.35915038,0.3566906,0.35267755,0.34634882,0.3439561,0.33942166,0.33495027,0.33068353,0.3287817,0.3247956,0.32102698,0.31820518,0.31477135,0.31153616,0.30981553,0.30722836,0.30407906,0.2972408,0.29483104
0.01163187,0.012002803,0.012867193,0.010767447,0.011667541,0.015825193,0.016442934,0.01769742,0.020031061,0.020614741,0.021699287,0.023298623,0.023911385,0.02493241,0.025384666,0.025667004,0.026188958,0.026104344,0.025676649,0.025385162,0.024974799,0.024012532,0.02308888,0.018665045,0.01805857,0.012361528,0.0123363,0.011626281,0.010801241,0.01529098,0.015103658,0.015640626,0.01661543,0.021351498,0.02275601,0.06362942,0.07264719,0.07804622,0.08873619,0.22172664,0.22743462,0.25987226,0.40000737,0.43013355,0.44416246,0.4857787,0.5139183,0.52033514,0.5392848,0.56026405,0.53604305,0.5431955,0.5578214,0.6194311,0.634629,0.6368911,0.65851766,0.6724094,0.6932287,0.708584,0.71229553,0.74066705,0.7391626,0.72629917,0.72161365,0.74217397,0.7357334,0.7718691,0.791265,0.7934834,0.80730283,0.8255629,0.84568,0.8624804,0.8953034,0.9810624,0.98287386,0.9999869,1.0310862,1.0565797,1.08199,1.1530966,1.1746675,1.1942544,1.170159,1.2460908,1.2880377,1.3289868,1.3265785,1.3640497,1.401608,1.4390069,1.4571341,1.4281806,1.4600581,1.5338569,1.5253491,1.5488023,1.547388,1.5326278,1.4649112,1.4305086,1.318799,1.3012171,1.1643279,1.0321031,1.0098591,0.9413057,0.89953727,0.82459676,0.8048705,0.7955534,0.68305767,0.671893,0.667437,0.6240201,0.60567427,0.5207222,0.5082851,0.4228137,0.35544565,0.3001617,0.29849237,0.31139088,0.30339605,0.30895874,0.31177464,0.30929056,0.35304415,0.35567832,0.35604793,0.37146786,0.36341625,0.35794064,0.35796815,0.35799176,0.36131737,0.35920566,0.35290805,0.36826524,0.35044333,0.3501924,0.3486043,0.32553622,0.33708885,0.33171695,0.2940723,0.2894141,0.27809733,0.2701881,0.2633986,0.25509512,0.2534907,0.22946875,0.2119783,0.19362491,0.19376425,0.20551631,0.2055559,0.20715754,0.21127853,0.21875629,0.21880569,0.21880497,0.22367829,0.2417732,0.23843648,0.2204023,0.22383997,0.23901165,0.23968278,0.23810929,0.25870734,0.25300333,0.2593776,0.26363614,0.2505163,0.2480153,0.25102577,0.2605058,0.25560436,0.24320246,0.24370226,0.24294356,0.24604131,0.24678893,0.27106214,0.2899645,0.29992998,0.30511588,0.32008684,0.3315874,0.34035903,0.34465536,0.34914953,0.36372995,0.36673963,0.37214866,0.3796927,0.3831849,0.38686898,0.38867867,0.39154738,0.391563,0.39707723,0.39505836,0.39242005,0.39108083,0.3875598,0.38459393,0.38235736,0.3777321,0.3729526,0.36804646,0.36573577,0.3608034,0.35402933,0.3516416,0.34685373,0.34218797,0.3369643,0.33475298,0.33046085,0.32637256,0.32451928,0.320759,0.3172206,0.3156398,0.31240556,0.30860266,0.3061316,0.30470026,0.30154407,0.29681757
0.012209933,0.012465473,0.013195103,0.014435897,0.015675975,0.017383412,0.018675422,0.019908687,0.021574235,0.022601485,0.02341125,0.024544455,0.025156168,0.02642168,0.026712274,0.026739277,0.027205214,0.026873562,0.026598431,0.026338283,0.025360199,0.024414053,0.023926198,0.019302847,0.018590188,0.013114955,0.012344514,0.016866324,0.016266141,0.015952244,0.01519073,0.015627645,0.02000886,0.021309512,0.043335926,0.06435456,0.06928929,0.07918508,0.09013228,0.09596885,0.20921123,0.2741362,0.3640203,0.39564955,0.41736898,0.4722911,0.48535928,0.52611977,0.5355929,0.5612557,0.5817821,0.58624613,0.6063181,0.64190084,0.65039676,0.6698473,0.684817,0.6923923,0.7210281,0.73357725,0.7375729,0.7585638,0.75568956,0.74682045,0.7493958,0.7590245,0.7425615,0.762813,0.77981323,0.7757215,0.7841429,0.7964088,0.8048881,0.8299852,0.850531,0.9234624,0.9164413,0.93991774,0.9675751,1.0087576,1.0210478,1.0649738,1.1114239,1.1040626,1.1132926,1.1675857,1.1990857,1.2140539,1.2543625,1.2886922,1.3236465,1.3413534,1.3760386,1.3329624,1.393928,1.412318,1.3959272,1.3868151,1.4101398,1.4322684,1.4237448,1.2926184,1.2291973,1.2132617,1.0288346,1.0062996,0.9163464,0.8986778,0.83994246,0.82232124,0.7095519,0.7047734,0.69970846,0.66625035,0.66177475,0.61658347,0.5980063,0.5434467,0.46155128,0.42378584,0.349969,0.3182879,0.31004548,0.31709927,0.29546562,0.30752346,0.3098922,0.31530267,0.34421006,0.3413801,0.36639035,0.35794002,0.34478512,0.34548494,0.3567459,0.3552509,0.3561206,0.3555707,0.3662757,0.365369,0.3376523,0.33801755,0.33783463,0.32552823,0.32260644,0.3129974,0.30084658,0.28397784,0.25290954,0.2501453,0.24135353,0.2383467,0.2372567,0.23028918,0.2155476,0.21912953,0.21439114,0.20753786,0.20776342,0.1982885,0.22474542,0.2128027,0.22421204,0.22418688,0.24389453,0.24793027,0.24682526,0.22195536,0.22327729,0.23018683,0.23695138,0.23973668,0.24031022,0.25342116,0.2524603,0.25218672,0.25150785,0.25468063,0.26049656,0.257942,0.25539568,0.25170353,0.2414859,0.24113214,0.24052532,0.23984444,0.25069633,0.28283846,0.29267082,0.30306074,0.3084303,0.32636717,0.33529297,0.34400827,0.34824196,0.3562462,0.36702448,0.36987227,0.37493202,0.38153973,0.38522574,0.38768223,0.38904506,0.3911403,0.39079794,0.39451504,0.39219785,0.38922682,0.38750923,0.38373327,0.37958834,0.37793848,0.37313882,0.36822307,0.36309376,0.36059234,0.3556195,0.34922364,0.3468202,0.342097,0.33753753,0.33260766,0.3304713,0.3263545,0.32246342,0.3206046,0.31705862,0.31379646,0.310681,0.30929047,0.30588263,0.30351132,0.30212525,0.29954615
0.012789059,0.013060519,0.015373125,0.015975932,0.017220195,0.019619144,0.02023212,0.02144454,0.023502668,0.0243026,0.02548012,0.02613333,0.026695283,0.02768288,0.02778923,0.027797302,0.028102538,0.027844522,0.027302284,0.026742328,0.02626426,0.025274245,0.020266175,0.014398132,0.014001559,0.013140233,0.017713754,0.01741225,0.016749049,0.015987609,0.015269043,0.022982469,0.020010425,0.021285288,0.041970927,0.060881592,0.07029399,0.080426954,0.08591965,0.09762224,0.19412121,0.25668105,0.31535214,0.36399618,0.41687116,0.4344094,0.47749266,0.5136139,0.54788405,0.55586594,0.5689425,0.6058346,0.62767303,0.6553354,0.67401904,0.6947384,0.71101683,0.71906614,0.7480156,0.75726604,0.76037574,0.7714955,0.76728576,0.76809716,0.7610482,0.771678,0.75206107,0.7751408,0.7724723,0.75284916,0.7652382,0.77438396,0.7787807,0.79660034,0.8185043,0.8283649,0.84466225,0.8715138,0.9354645,0.94964385,0.98782814,1.0180935,1.0448959,1.0379599,1.0609286,1.0925367,1.1213061,1.1334677,1.1639454,1.1771215,1.2121328,1.2304168,1.2413051,1.2111534,1.2259963,1.2852179,1.2960438,1.3031275,1.3071727,1.3053517,1.2491828,1.2103658,1.2167039,1.0442017,0.9665193,0.9453501,0.90368235,0.8809435,0.71254104,0.70824134,0.70595264,0.7011941,0.6961442,0.671667,0.6668136,0.60905814,0.59037423,0.5360667,0.44257832,0.3574174,0.3499371,0.31901237,0.31629053,0.31705216,0.30303648,0.3085808,0.3081545,0.299974,0.31292146,0.33634228,0.33542767,0.34079903,0.35780078,0.34485412,0.34473705,0.34495205,0.34412137,0.36730814,0.36782777,0.36748827,0.36891776,0.3623449,0.34721568,0.33111024,0.31648785,0.32385224,0.30821076,0.29667008,0.26515695,0.25592792,0.22983676,0.23509777,0.23537004,0.23587912,0.23132122,0.22264792,0.2264526,0.22926834,0.23532136,0.2493072,0.24940133,0.24944381,0.23669325,0.23536249,0.24655569,0.24613248,0.24739812,0.24594486,0.24049628,0.22266363,0.22809355,0.2323773,0.24908625,0.25013378,0.25086468,0.24946378,0.2491894,0.25701985,0.25379497,0.2551772,0.2528714,0.24837796,0.24758963,0.23912278,0.23884946,0.23718889,0.25196287,0.26970425,0.28517637,0.29544076,0.30624324,0.31828493,0.32994825,0.33885252,0.34750676,0.3516455,0.36399043,0.3701832,0.37287176,0.37757203,0.38395596,0.38635907,0.38833672,0.38927475,0.39054626,0.38924298,0.38832688,0.38942733,0.3861153,0.38428295,0.38028944,0.37548304,0.37084463,0.3690143,0.3635408,0.35852206,0.35601857,0.35080382,0.34485963,0.34016544,0.33786982,0.33323646,0.32901305,0.32697776,0.32253507,0.31883597,0.3153759,0.31371135,0.31059626,0.3076936,0.30635422,0.3037545,0.3010516,0.29870278
0.013963906,0.015210241,0.016870502,0.018135527,0.019449513,0.021134956,0.022369899,0.023438413,0.024795981,0.025583647,0.027122665,0.027735094,0.028003557,0.028852364,0.028906368,0.028897418,0.029127307,0.028621687,0.027939782,0.027677603,0.02668181,0.025719803,0.021204492,0.014862073,0.019164689,0.018470312,0.018250907,0.01751613,0.016764894,0.016015206,0.015663821,0.026051987,0.020025918,0.020647384,0.043387923,0.061712015,0.07143065,0.07647747,0.087448046,0.09946512,0.1134922,0.19409083,0.2875915,0.3385029,0.3800395,0.4383912,0.47071862,0.4993963,0.56475353,0.55646473,0.587476,0.62566584,0.63743716,0.67691153,0.697344,0.71896535,0.7276109,0.7569777,0.7709666,0.77630705,0.79162747,0.79299563,0.7886768,0.79466796,0.78148735,0.7836748,0.7642349,0.7614578,0.7602691,0.7505348,0.74700487,0.74769884,0.76339924,0.77655023,0.8066774,0.8010375,0.8215232,0.87255734,0.902697,0.91642684,0.95470494,0.98389375,0.9841714,1.0115688,1.0290399,1.0597563,1.0566415,1.0756844,1.11674,1.1403967,1.1555161,1.1281883,1.1513575,1.1738209,1.184543,1.1876057,1.2518195,1.2575171,1.2201446,1.2097188,1.1947078,1.0601262,0.99759847,1.0242739,0.97753215,0.8955589,0.87441415,0.75893867,0.70908946,0.7047765,0.70250064,0.6977416,0.692749,0.6672227,0.6623302,0.56324244,0.54694146,0.44538188,0.43669406,0.34791884,0.322239,0.29692754,0.29506794,0.30887118,0.29753637,0.30264422,0.30233958,0.3050421,0.31177208,0.3189758,0.33717072,0.32822537,0.3294346,0.33861712,0.34291875,0.3421839,0.35444495,0.35949808,0.36098206,0.36908415,0.36058137,0.34945583,0.35062718,0.3493365,0.32809347,0.31230706,0.30560842,0.29614285,0.2716257,0.25108224,0.23000564,0.23850773,0.23873627,0.23996721,0.23485805,0.23754196,0.26351082,0.27006763,0.25246584,0.2554143,0.2703815,0.27046067,0.27050686,0.22399466,0.22631761,0.2252511,0.22470228,0.23716407,0.22795652,0.22084197,0.21182409,0.25307792,0.2456259,0.24616916,0.269175,0.27055323,0.2691875,0.26518282,0.2508806,0.24813865,0.25039476,0.24832745,0.2451488,0.23386061,0.23336291,0.23772877,0.23708846,0.2670142,0.27217445,0.28755316,0.29828474,0.30951008,0.3244653,0.33346963,0.34233215,0.35084432,0.35724035,0.36656734,0.37268135,0.37754884,0.38054895,0.3852901,0.3872978,0.38885424,0.3893642,0.38986915,0.38822174,0.38986826,0.38683397,0.38328132,0.38133216,0.37649828,0.3719371,0.3671777,0.3645721,0.35950562,0.35446337,0.34946033,0.34652758,0.34097436,0.33635414,0.3337135,0.32942376,0.3253431,0.3213059,0.31914622,0.31562835,0.31222212,0.3106698,0.3077476,0.30499575,0.30249605,0.3013217,0.29884726
0.015465923,0.01668444,0.019036578,0.019695802,0.020954173,0.023231123,0.024331432,0.025683584,0.026516423,0.027273757,0.028466871,0.02907206,0.029314816,0.030043824,0.03005641,0.030009406,0.029973608,0.029693827,0.02890781,0.028142227,0.02694789,0.02222607,0.020819046,0.020086784,0.019361475,0.019102557,0.018293347,0.017498307,0.017125558,0.01639388,0.022405071,0.025522416,0.0254251,0.03914946,0.044811398,0.062662795,0.06777548,0.07784875,0.089076616,0.101409644,0.109011635,0.122727804,0.20449886,0.23461892,0.38605976,0.43247035,0.4668758,0.48269007,0.5704602,0.5735487,0.60611945,0.6216046,0.6680933,0.69340056,0.71968675,0.7329939,0.75091946,0.77919203,0.78629047,0.79819936,0.8119737,0.8136419,0.82226163,0.81492746,0.8014073,0.7911021,0.7870526,0.77138317,0.7658069,0.7521866,0.74746025,0.7427263,0.74953496,0.76887506,0.772174,0.787929,0.8148567,0.8511487,0.8570974,0.8859551,0.90417415,0.92918134,0.93697953,0.9669931,1.0011902,1.0292621,1.0381225,1.0560355,1.0740145,1.0844188,1.0949185,1.1048412,1.1237904,1.1421689,1.13668,1.1519698,1.1503638,1.1402237,1.1894984,1.1576464,1.1246195,0.9807423,0.9906983,0.9731327,0.94733864,0.81340784,0.7583686,0.7496642,0.7040345,0.7015067,0.6992387,0.69449264,0.68949074,0.662942,0.65808105,0.5616702,0.4563099,0.43656164,0.34400755,0.33936033,0.30245855,0.2943471,0.28660303,0.2944361,0.2797278,0.3051075,0.30749968,0.2959566,0.3026423,0.30277452,0.32628328,0.31409088,0.3121384,0.31595573,0.3182513,0.35082045,0.35120767,0.3663108,0.367401,0.3623064,0.36160967,0.3495528,0.33023524,0.32983074,0.32412952,0.31756973,0.29580683,0.28323913,0.25424916,0.256101,0.23709485,0.23883384,0.24215662,0.22797622,0.233037,0.23906231,0.2681913,0.32923275,0.26609132,0.26395452,0.27827144,0.27190435,0.27061513,0.25280058,0.24863215,0.2574104,0.22170477,0.23292916,0.22294675,0.23750909,0.24477364,0.22515634,0.24451075,0.25899553,0.25862616,0.25777826,0.25686607,0.25586388,0.2662166,0.25560284,0.26218724,0.2404925,0.2390034,0.23350541,0.2326145,0.23220262,0.23111989,0.24471627,0.26800743,0.27322763,0.29010534,0.30120903,0.31589365,0.32137278,0.3368658,0.34568885,0.3564488,0.36026034,0.36901933,0.37494144,0.38056397,0.38230088,0.386444,0.38805315,0.38934028,0.38921338,0.38913718,0.38716263,0.38774562,0.3844621,0.3806881,0.3756829,0.3734217,0.36872664,0.36385447,0.3605217,0.35552987,0.35083616,0.3451613,0.34275272,0.33803374,0.33240217,0.32811883,0.32606563,0.32176566,0.31810072,0.3163533,0.3125463,0.30946308,0.3066104,0.30512372,0.30260384,0.30027097,0.29912233
0.017531652,0.018819792,0.02057096,0.021840256,0.023096863,0.024659121,0.025680928,0.027450414,0.028260568,0.028629405,0.030093255,0.030380629,0.030569049,0.031249732,0.031259276,0.030895038,0.03104533,0.03039654,0.029345663,0.028031189,0.02320673,0.021908233,0.021017427,0.020644717,0.019892357,0.019079642,0.0182368,0.017844493,0.01710955,0.019272929,0.022201084,0.02492611,0.024980444,0.040399347,0.055348445,0.05941013,0.06903762,0.07935364,0.08497707,0.097066276,0.11133219,0.15496767,0.1894776,0.23319213,0.32788712,0.38086852,0.44786012,0.4749156,0.5466252,0.59106475,0.60830706,0.6408749,0.68104357,0.71559185,0.73054385,0.752051,0.77300024,0.79090697,0.8062231,0.82388395,0.831212,0.83326614,0.84148425,0.83428854,0.82063943,0.81175274,0.7959833,0.7806192,0.7737663,0.7647733,0.75048053,0.7419453,0.74554545,0.75853974,0.76719046,0.781138,0.808173,0.8201096,0.83861804,0.8706963,0.89823407,0.9099086,0.9332903,0.9491244,0.9926942,1.0022135,1.0263985,1.0234919,1.0385586,1.0417178,1.0478988,1.0582632,1.067791,1.0721147,1.1043484,1.116095,1.0603172,1.0446001,1.0925056,1.1033807,0.9424323,0.910716,0.89238256,0.7698194,0.7393217,0.7186024,0.7101038,0.64746255,0.65643287,0.69377506,0.693695,0.69142056,0.59818226,0.5899165,0.5485397,0.46017146,0.44060642,0.3550089,0.35216916,0.31372347,0.2850492,0.29281616,0.27229068,0.2665172,0.2848264,0.3175891,0.31943762,0.2947375,0.29634333,0.30114323,0.3097039,0.3059858,0.30535418,0.30282348,0.30495372,0.32633853,0.33440995,0.34359512,0.34405625,0.3573429,0.3410495,0.32369775,0.32484627,0.31795833,0.32188967,0.31439027,0.3011646,0.29638815,0.28772548,0.28995475,0.24181877,0.23986953,0.23238826,0.24003474,0.32351485,0.3299462,0.33519703,0.34042805,0.3700019,0.36236006,0.34956226,0.2740429,0.26779792,0.27434164,0.26741877,0.26227492,0.25735906,0.2561601,0.2566789,0.23204903,0.2324105,0.23208615,0.23720467,0.2552458,0.2548352,0.25457105,0.25394708,0.25322518,0.25227392,0.25179565,0.23363325,0.2375236,0.2357661,0.2262124,0.21800962,0.21850415,0.22945112,0.2326267,0.2593377,0.27112916,0.27652276,0.2933553,0.307728,0.31897038,0.32447922,0.3352023,0.35149258,0.3594527,0.36313936,0.3713089,0.37834826,0.38225648,0.3838256,0.38617185,0.3893675,0.3894581,0.38895375,0.3883535,0.38530216,0.38577306,0.38225484,0.37736908,0.3729172,0.37059063,0.36576912,0.35980758,0.35480154,0.3522969,0.34667188,0.3417882,0.33940682,0.33364382,0.32926515,0.32510272,0.32257482,0.31882605,0.31530946,0.31169572,0.31016585,0.30706057,0.30413184,0.3028788,0.30051103,0.29821485
0.019030822,0.020356348,0.02271187,0.023934534,0.024524393,0.026552448,0.027478004,0.02883651,0.0296506,0.030378757,0.03147471,0.031609315,0.03179845,0.032527618,0.032238316,0.031994898,0.03179992,0.030585274,0.02991573,0.028255478,0.027951503,0.021890018,0.021560654,0.02078364,0.019904763,0.018981803,0.01856955,0.017794967,0.019621108,0.01943736,0.02199054,0.024476208,0.0414695,0.038984735,0.044709083,0.060483165,0.07042503,0.07555475,0.08676693,0.10021372,0.113740526,0.12083985,0.19095647,0.28877306,0.33535674,0.35942462,0.41142064,0.50899464,0.56267136,0.5842012,0.62631595,0.6595792,0.7011424,0.7191261,0.7474267,0.7696165,0.7912413,0.8085234,0.8291129,0.84130347,0.84931225,0.8513461,0.8597375,0.8528224,0.8392633,0.8303103,0.8111309,0.80131245,0.7836168,0.7733464,0.7479921,0.7351916,0.7562548,0.75998974,0.7669213,0.7813817,0.8025503,0.8126637,0.8372834,0.86995727,0.89737386,0.9111227,0.9299926,0.95343786,0.9751992,0.9835818,1.0045825,1.0190977,1.0272038,1.0280768,1.0364035,1.0439371,1.0505291,1.0534565,1.0432743,1.0416456,1.0336008,1.0258169,1.0071334,0.9263061,0.86392707,0.8476189,0.74102205,0.69119465,0.66220295,0.66112816,0.6356412,0.62863135,0.5820477,0.5865606,0.57104427,0.56882113,0.56497544,0.5515331,0.5248957,0.3747452,0.36007553,0.3232073,0.31647426,0.2655587,0.252043,0.2410346,0.26330408,0.26464695,0.28347844,0.3139562,0.30198425,0.30986467,0.28911597,0.30464873,0.30383563,0.30200735,0.29710475,0.3095318,0.30530062,0.33930576,0.37160602,0.38208243,0.39121264,0.37908342,0.35363668,0.355325,0.31035125,0.31030416,0.31329128,0.30940405,0.30840686,0.3070464,0.30247158,0.29017246,0.25574288,0.2775709,0.31315777,0.32360083,0.33939105,0.34328824,0.3528592,0.378475,0.3789682,0.37467277,0.3627585,0.34564492,0.3425695,0.33526143,0.32017243,0.2764845,0.27593789,0.26994637,0.24890207,0.2587692,0.23836356,0.2391882,0.23301362,0.24254565,0.2421725,0.2545192,0.25422713,0.25379217,0.25276744,0.2524225,0.24889351,0.234864,0.23426285,0.23739684,0.23639503,0.2349469,0.22761276,0.22347026,0.24387038,0.26211235,0.2742049,0.27973908,0.2991999,0.31062165,0.32198676,0.32756546,0.33824298,0.3514517,0.36228424,0.36712483,0.37345412,0.38014764,0.38375616,0.38515043,0.38847387,0.3895507,0.38913104,0.3885879,0.38680202,0.3840307,0.38210642,0.37921062,0.37493697,0.37033847,0.3679481,0.36190343,0.3568815,0.3518381,0.34828606,0.34338835,0.33876097,0.333284,0.33105758,0.32647547,0.3217702,0.31987715,0.3162516,0.31240192,0.3093092,0.30784696,0.30463427,0.30211282,0.29979137,0.29849663
0.021188954,0.022485282,0.0241717,0.025384124,0.02649729,0.028410953,0.028872978,0.030669447,0.031418048,0.031849306,0.032746922,0.03299708,0.03313955,0.033809334,0.033380542,0.03288323,0.031736,0.031055959,0.029511593,0.028854778,0.027447265,0.022438018,0.021663934,0.020695765,0.020235214,0.01929674,0.018482182,0.017740034,0.019769842,0.019447273,0.021815646,0.035603635,0.03782765,0.044452287,0.046259042,0.061670527,0.06694402,0.077171296,0.08864615,0.10247818,0.10926692,0.12353762,0.216316,0.29591787,0.31931797,0.36822593,0.4514516,0.53244364,0.556501,0.6010576,0.6409306,0.67724365,0.70227337,0.7316293,0.7600174,0.78573275,0.8025405,0.8228679,0.8444438,0.8574434,0.86243683,0.8766561,0.8769511,0.870429,0.86464864,0.84704,0.82782537,0.8155796,0.80256134,0.779309,0.7592557,0.75353867,0.75015485,0.7512664,0.7645824,0.77398795,0.78353775,0.8177732,0.84286475,0.87347794,0.8904483,0.91271305,0.93761414,0.9596227,0.9711115,0.98578596,0.99659777,1.006059,1.0163434,1.0200194,1.025445,1.0300138,1.0336428,1.0317904,1.0344151,1.0267155,1.0156263,1.0090462,0.9515595,0.8437191,0.8100835,0.7241238,0.66622347,0.6327963,0.6206325,0.60862315,0.5877985,0.5237996,0.4754583,0.5472882,0.5467655,0.4569792,0.45271268,0.39476,0.3745317,0.34102333,0.30426332,0.290548,0.28756258,0.2533123,0.21745554,0.2355983,0.23675488,0.2489419,0.2518572,0.28054324,0.3057564,0.30910498,0.32606706,0.2934719,0.29857674,0.30084458,0.31287658,0.29634154,0.3002235,0.35967204,0.3741326,0.36084175,0.3744946,0.36632863,0.36666936,0.3848847,0.3542249,0.35138616,0.30424374,0.30520654,0.29337472,0.29259783,0.29083693,0.283309,0.25340977,0.3212888,0.34286422,0.35182446,0.36014673,0.37966985,0.38325843,0.38835692,0.38650754,0.37608245,0.37175506,0.37826598,0.3549019,0.33913398,0.27916914,0.288494,0.28182507,0.25329798,0.252409,0.24298906,0.24412952,0.23736714,0.23753433,0.23901996,0.24236993,0.23085985,0.23240368,0.23995522,0.240384,0.24982482,0.24943048,0.23791288,0.23737283,0.24037518,0.23741595,0.23953226,0.23792389,0.23638806,0.22456913,0.24612391,0.2647193,0.2788063,0.28424495,0.30097628,0.31354842,0.3249675,0.330509,0.34479573,0.35427344,0.36271372,0.36942562,0.37717426,0.381731,0.38506782,0.38677222,0.38953972,0.3890392,0.38883755,0.387531,0.38578215,0.38273954,0.38022992,0.37709194,0.37266356,0.36793813,0.36176294,0.35923988,0.35418388,0.34796932,0.34548107,0.34063107,0.33491653,0.33054352,0.3283786,0.32318917,0.31931773,0.31570473,0.31339154,0.3101918,0.30723536,0.30542684,0.30283543,0.30034915,0.29788375
0.023322167,0.02397181,0.026238801,0.027354453,0.028834114,0.02982902,0.030742928,0.032448735,0.032706477,0.03314226,0.03421571,0.03442055,0.03448402,0.034735974,0.034111235,0.033680934,0.032077137,0.035129663,0.029909227,0.02906,0.027631154,0.022528943,0.021489521,0.021007149,0.020095333,0.01917213,0.018393213,0.018033372,0.019736545,0.0194706,0.03312645,0.034611553,0.038700268,0.045361612,0.05451035,0.05921241,0.06839725,0.078910634,0.09069729,0.098170295,0.111823365,0.12630694,0.21944745,0.24572007,0.32822567,0.4105378,0.4673158,0.5198488,0.5731695,0.61764246,0.6573157,0.6856802,0.71705246,0.74615705,0.774392,0.78679895,0.8162977,0.8397726,0.8585238,0.8658589,0.8776591,0.8920803,0.89317113,0.8910982,0.8811866,0.8640295,0.8442251,0.83969253,0.81757617,0.7924768,0.7725058,0.76488334,0.7607823,0.7583599,0.77174854,0.777939,0.7956226,0.81834394,0.8512524,0.88048476,0.896221,0.9230322,0.946658,0.9677181,0.975178,0.9870308,0.99562156,1.0026081,1.0030056,1.0117726,1.0142341,1.0157907,1.0129625,1.013785,1.0112038,1.0002795,0.9941745,0.93756026,0.8780274,0.7959389,0.7085528,0.6648266,0.6315463,0.5997979,0.5710668,0.55801994,0.4961733,0.395309,0.44301936,0.4450251,0.424346,0.40048626,0.35960528,0.3095602,0.31634316,0.28803602,0.2750137,0.26478428,0.26010087,0.24680026,0.2295326,0.23278677,0.2361959,0.25086164,0.2542925,0.26522434,0.30260882,0.30861396,0.31366837,0.31163022,0.30788887,0.306093,0.33891863,0.29723945,0.33475974,0.36360607,0.36822313,0.3671195,0.3685046,0.37531734,0.37228167,0.3712899,0.36364812,0.3455933,0.3415402,0.2882064,0.28800768,0.2892907,0.2867422,0.26948437,0.30957866,0.32833248,0.34925833,0.35896394,0.36901215,0.38007063,0.396012,0.3900956,0.3946884,0.39395094,0.38588488,0.38288936,0.36497903,0.35652608,0.33827427,0.2894183,0.28048223,0.25970137,0.25758693,0.25338733,0.2535819,0.23820145,0.2400214,0.23831795,0.2284194,0.23179215,0.23453186,0.23568937,0.25615698,0.24184869,0.24188828,0.24185933,0.2402413,0.23944013,0.24020675,0.23920138,0.24024624,0.23871402,0.23726149,0.2268651,0.23972705,0.269744,0.2810902,0.2912644,0.30390838,0.3156543,0.32788497,0.33740366,0.3476492,0.35693878,0.3651486,0.3736053,0.3789408,0.38316178,0.3862054,0.38764614,0.3897345,0.3890528,0.38785312,0.38686153,0.3847076,0.3814247,0.37725314,0.37506968,0.37049845,0.36432928,0.3593053,0.35677046,0.35038662,0.34539115,0.3405059,0.33696502,0.3323818,0.32800922,0.32285586,0.32088828,0.3171381,0.31295654,0.3113389,0.30825526,0.3049288,0.302357,0.301145,0.29846475
0.02477813,0.026032971,0.028218979,0.028760428,0.030777285,0.031748254,0.032200295,0.033780146,0.034284182,0.034679923,0.035607565,0.035823736,0.035616346,0.035215706,0.034795985,0.033385824,0.03607961,0.034755927,0.03016842,0.028496014,0.023436746,0.022403976,0.02178001,0.02082708,0.019946884,0.019445831,0.018669847,0.02009713,0.019719819,0.019597776,0.032281216,0.035278916,0.039663255,0.04375343,0.0492532,0.060545288,0.06999772,0.07519985,0.08662059,0.1005233,0.11444784,0.12172777,0.20729382,0.2559074,0.33805266,0.3633243,0.45557973,0.5362912,0.5899455,0.6338846,0.6538877,0.69971657,0.7304485,0.75911015,0.77460766,0.8000608,0.8307457,0.85175437,0.8614448,0.8791563,0.8917893,0.9065388,0.90832204,0.9067714,0.8971938,0.8804643,0.87997484,0.85535073,0.83217305,0.80718184,0.7962104,0.778645,0.7740545,0.77075547,0.7845499,0.79080194,0.808726,0.8317244,0.8612804,0.8757475,0.9007575,0.9239275,0.943193,0.9659571,0.9795427,0.9883175,0.9944936,0.9968829,0.99731165,1.002617,1.002078,0.9978376,0.9971346,0.99496186,0.98682433,0.94051594,0.9317249,0.9123717,0.8523287,0.72465706,0.6657757,0.6312411,0.59905773,0.5693922,0.54228693,0.52997094,0.49069452,0.41119158,0.39913252,0.35100538,0.33352405,0.31609768,0.29758936,0.29278198,0.28421274,0.28121808,0.2685089,0.26027656,0.24835446,0.22395961,0.20435807,0.22253077,0.23573765,0.2425498,0.24099167,0.27204725,0.29084057,0.3119874,0.3198218,0.31822768,0.32236215,0.34366107,0.3272274,0.33511928,0.34021863,0.34308672,0.37592664,0.37686548,0.3930102,0.3888254,0.3868094,0.372433,0.35845113,0.34902322,0.34591538,0.31907442,0.31249475,0.26658344,0.2657237,0.32228532,0.33051193,0.3327325,0.36058,0.3658623,0.3766829,0.38720873,0.3931166,0.40480408,0.4020156,0.39989024,0.39421508,0.3882534,0.3804414,0.3645063,0.3407837,0.2875515,0.27663413,0.2668627,0.26183155,0.25971186,0.25659153,0.2570798,0.24790943,0.23235674,0.23217237,0.24389529,0.24700162,0.26072806,0.26111698,0.25924185,0.2597055,0.2600137,0.2601274,0.26026747,0.25823104,0.25644794,0.25553554,0.25624856,0.25430042,0.23642439,0.24248548,0.24963903,0.2613378,0.2895431,0.30303314,0.3067337,0.3185946,0.3348516,0.3454263,0.35036337,0.35950637,0.36993474,0.37821707,0.38059658,0.38445258,0.38766575,0.38971356,0.38983482,0.38922954,0.3875171,0.38476273,0.38363552,0.37958658,0.37538475,0.3708167,0.36702353,0.3620594,0.35698473,0.3530447,0.3479799,0.34301147,0.33693177,0.33459932,0.3300906,0.3247894,0.32073748,0.31883666,0.31439263,0.31107342,0.3080058,0.30595824,0.30328175,0.30082485,0.29817855
0.026875563,0.027517175,0.029636443,0.03072277,0.03175907,0.033235766,0.03401288,0.035437796,0.03589807,0.036092315,0.037160188,0.036845047,0.036519244,0.035851322,0.038444813,0.037183244,0.036359414,0.031044513,0.029664926,0.027936384,0.023790425,0.022687608,0.021557983,0.020638164,0.02020651,0.019306488,0.020473579,0.020030968,0.01984613,0.02136779,0.03279172,0.036016818,0.03842178,0.04470797,0.050505664,0.06197897,0.066657856,0.077019766,0.088753626,0.10294386,0.10991682,0.13746715,0.21583498,0.26755103,0.3203462,0.4136451,0.47370046,0.55336505,0.57976484,0.62850803,0.6686584,0.7122096,0.7423344,0.7566744,0.7842242,0.8111001,0.84095234,0.852039,0.8727542,0.8907198,0.90487134,0.9162836,0.9223102,0.9212469,0.91254747,0.90537286,0.89531535,0.8725951,0.8472556,0.8218354,0.81049615,0.79209876,0.7892821,0.78371996,0.79373527,0.80438566,0.82278013,0.84624517,0.8575439,0.89009476,0.91437143,0.93618995,0.9536717,0.9721056,0.9831133,0.98884165,0.9923739,0.9910244,0.9901303,0.99192387,0.9858241,0.9840854,0.9798824,0.9516065,0.93531394,0.9172194,0.9075408,0.8484908,0.74682796,0.6532476,0.63613516,0.5826227,0.57139736,0.54282194,0.5292777,0.49227288,0.46953735,0.39290324,0.37225208,0.3687007,0.3051303,0.30644214,0.28528717,0.28063306,0.27414355,0.2802016,0.24617155,0.23344742,0.23579985,0.24097423,0.23852637,0.25458658,0.25752762,0.2632764,0.26449412,0.29595914,0.31294766,0.31826198,0.32215586,0.3312925,0.34801665,0.35143042,0.33361983,0.3422126,0.34910896,0.372645,0.371305,0.39333,0.3890343,0.38237703,0.37554657,0.36844558,0.3547167,0.35103807,0.34694248,0.3387363,0.31230423,0.26308027,0.31233197,0.31803384,0.33271435,0.34122625,0.3561399,0.3614987,0.3787861,0.39382127,0.40715468,0.41186732,0.41384,0.40476263,0.3997211,0.3898998,0.38551024,0.37095186,0.35832414,0.2972564,0.2765739,0.27105638,0.26601195,0.26380703,0.25810677,0.24894373,0.25018075,0.23784363,0.23601098,0.24946107,0.25964773,0.26041564,0.2609865,0.26433092,0.2647871,0.27374128,0.27294505,0.27584258,0.27219498,0.26694223,0.26539865,0.26376837,0.2629051,0.25545794,0.24104866,0.2397069,0.23907079,0.2658298,0.2879738,0.29966554,0.30629814,0.32263115,0.3347573,0.34594142,0.35111555,0.36482474,0.37203828,0.37990707,0.38209984,0.38645765,0.3883929,0.3898828,0.38963616,0.3887382,0.38672757,0.3839483,0.38129932,0.3779227,0.37355858,0.3674133,0.3649474,0.359916,0.35332462,0.34824324,0.34573656,0.3394575,0.3347218,0.33018112,0.32686928,0.32275116,0.3188537,0.3142938,0.31260002,0.3093932,0.30577135,0.30309612,0.30183923,0.29900476
0.028334877,0.029508514,0.03166084,0.03220781,0.034275837,0.03507642,0.035735957,0.03688827,0.037362203,0.037707567,0.03794981,0.037629608,0.036857564,0.039435927,0.038139295,0.03748929,0.035581745,0.030551713,0.029057438,0.024641244,0.023491632,0.022427486,0.021329056,0.020876639,0.020030154,0.02087452,0.020366482,0.020160373,0.019837813,0.029122569,0.033368416,0.03535521,0.03937491,0.045756023,0.051853325,0.058999497,0.06829231,0.07894879,0.09095526,0.098659985,0.122592084,0.16590968,0.22557424,0.25468466,0.33154842,0.42955327,0.50493866,0.54286104,0.5959958,0.64332134,0.6821242,0.7065018,0.73829484,0.7668611,0.7942,0.82230914,0.83859515,0.86169016,0.88312626,0.9018711,0.9154241,0.92845905,0.9354581,0.93518233,0.93224514,0.9203845,0.9102396,0.88870007,0.86202073,0.8487592,0.8246853,0.80679655,0.80258125,0.7975304,0.8075243,0.81872666,0.8377706,0.84925944,0.88014597,0.90453225,0.9276206,0.9475346,0.95572674,0.96910554,0.9847762,0.98785627,0.98652506,0.9847278,0.9733343,0.971219,0.9557009,0.9513482,0.9417566,0.92772156,0.91051126,0.9030885,0.8459058,0.76100165,0.6456298,0.58115286,0.5651364,0.5559344,0.52670133,0.48297375,0.47219467,0.44100976,0.38635167,0.3806138,0.36218238,0.35781628,0.2888131,0.29092708,0.2683495,0.27048314,0.24349943,0.20359798,0.2307647,0.23687449,0.23929508,0.24464738,0.2505921,0.26172033,0.26490274,0.2710878,0.27540615,0.3138661,0.32256594,0.32073966,0.3172442,0.33704868,0.35302854,0.35544568,0.34057516,0.3474275,0.35419527,0.39069924,0.37901145,0.38058332,0.38775814,0.3852995,0.38058,0.37236467,0.36235142,0.3530206,0.34453124,0.34045243,0.3130351,0.2610729,0.2601418,0.32851723,0.33469424,0.3494358,0.35996556,0.38008797,0.38306117,0.39395544,0.41160178,0.4160568,0.42953235,0.40861621,0.40304464,0.3945631,0.37550858,0.36658886,0.36208147,0.28121933,0.27281347,0.2718024,0.2701216,0.25622752,0.245072,0.24519877,0.24544029,0.254438,0.25504935,0.27209103,0.27287984,0.27431238,0.30372018,0.30449373,0.2731163,0.2958768,0.29950368,0.281178,0.2779067,0.27719408,0.27655908,0.27595785,0.2820952,0.26505235,0.26328745,0.249624,0.25174075,0.24532105,0.2512586,0.2911274,0.3058533,0.31401047,0.33001223,0.34135205,0.3487588,0.3569172,0.36568063,0.37401262,0.380801,0.38462594,0.38737246,0.3889513,0.389953,0.3894279,0.388171,0.3858759,0.3818269,0.37996164,0.37628025,0.3703098,0.36543334,0.36292997,0.3563008,0.3511912,0.34611008,0.3421777,0.3373444,0.3326753,0.3270218,0.32491234,0.32087538,0.31612763,0.31262672,0.3109927,0.30713746,0.30434182,0.3017599,0.3000025
0.030373432,0.030966636,0.033171944,0.034276225,0.036153592,0.03653172,0.03720053,0.038629252,0.038889088,0.038942512,0.038743585,0.04140081,0.04057811,0.039752297,0.038419116,0.036856394,0.031403724,0.030653056,0.02549707,0.024296837,0.023181941,0.022511676,0.0215498,0.020672776,0.019857375,0.020999799,0.020492632,0.020106064,0.027649995,0.028608834,0.03250067,0.036140878,0.0403928,0.042924047,0.049938656,0.06049,0.07002422,0.08094055,0.08804799,0.10113348,0.12775277,0.17521796,0.19921635,0.2677582,0.34378546,0.44824943,0.4896945,0.56023824,0.6115918,0.65586084,0.67623365,0.7166693,0.7476579,0.7757516,0.8041351,0.82154566,0.8466236,0.87044924,0.8926742,0.9028244,0.925806,0.9396932,0.9476865,0.9490174,0.9459468,0.941885,0.9246542,0.9031528,0.88994807,0.8631398,0.83921367,0.82688844,0.8203536,0.8110453,0.82182777,0.8336783,0.8532979,0.8632158,0.89532816,0.91846967,0.9399035,0.94926196,0.9642115,0.9735854,0.98449713,0.98473364,0.97620755,0.97109437,0.9641124,0.95019484,0.94486076,0.93349403,0.92112267,0.90101475,0.84902513,0.8347011,0.7792569,0.71844953,0.59417707,0.5791392,0.54896593,0.5193798,0.50653875,0.47073063,0.46052405,0.4335228,0.3828497,0.3765074,0.36820698,0.3427462,0.28217715,0.2771365,0.24335897,0.22495182,0.21711715,0.2220832,0.23595133,0.24021803,0.24272658,0.24818835,0.25424582,0.2745461,0.279837,0.27865106,0.2836132,0.32284766,0.3218545,0.32459688,0.32200935,0.35760683,0.34673387,0.36464155,0.35726857,0.3640502,0.36206982,0.39561382,0.39830717,0.38511565,0.39101776,0.3883504,0.3800526,0.3756852,0.36513463,0.35532877,0.34647927,0.3422441,0.326782,0.25929397,0.2587039,0.33407205,0.34026662,0.34064353,0.36120796,0.37575218,0.3869307,0.39783344,0.40540242,0.42187852,0.43309817,0.41910928,0.40586406,0.39769092,0.38457054,0.36944032,0.36150652,0.28376427,0.27592915,0.2639827,0.26297617,0.26001683,0.24765801,0.24728228,0.27896592,0.27155948,0.3088606,0.30727056,0.3073076,0.30734932,0.30838123,0.30939052,0.3074056,0.3078313,0.31316116,0.31855908,0.31960842,0.30380103,0.30952683,0.28940558,0.29190242,0.27562773,0.27551645,0.25813794,0.25802004,0.25158006,0.24696235,0.27419516,0.28370488,0.29569831,0.31893155,0.33140394,0.34179884,0.35167164,0.3620322,0.3696947,0.37652922,0.38475174,0.38759604,0.38807338,0.3897847,0.38965982,0.3885099,0.3875252,0.38393754,0.38046205,0.37653518,0.37321493,0.36847445,0.36351952,0.3584149,0.35427147,0.34913918,0.34408015,0.33773553,0.33535174,0.32947055,0.32515353,0.32109287,0.31809717,0.31448692,0.31112573,0.30718267,0.30574846,0.303046,0.29997116
0.031853497,0.033070054,0.035299666,0.036280457,0.037651412,0.038396392,0.039002668,0.039937396,0.039996486,0.0396155,0.04244838,0.04218878,0.040714167,0.039298743,0.037650075,0.03624356,0.031511165,0.029974714,0.025097525,0.023935486,0.023391012,0.022218527,0.021305785,0.020473724,0.020077446,0.020848576,0.02040397,0.02007528,0.027237618,0.030453805,0.033099595,0.036975544,0.03909819,0.04412344,0.05129558,0.062035535,0.06674943,0.07726541,0.090346195,0.11312013,0.13365191,0.16815154,0.23121446,0.28199294,0.38740626,0.43561384,0.50944394,0.5772631,0.62614924,0.6479749,0.69299203,0.7255019,0.75580823,0.783588,0.7980749,0.8281738,0.854049,0.8784845,0.89021474,0.91201013,0.93558437,0.950429,0.9557249,0.9611628,0.9590427,0.95545626,0.940435,0.92957026,0.90410554,0.8775502,0.85268617,0.8488712,0.8337165,0.82471395,0.8364614,0.8491026,0.8585093,0.8788044,0.90983075,0.9312515,0.9503626,0.9582958,0.97042876,0.97543186,0.9764949,0.9772763,0.9690073,0.9612817,0.94334394,0.93338096,0.91862315,0.901265,0.87399995,0.84693974,0.83276397,0.8033146,0.7358672,0.64359725,0.5772347,0.5629841,0.53466654,0.5070102,0.47079605,0.44820035,0.43764094,0.381892,0.38022283,0.37341887,0.37038234,0.36430478,0.32058084,0.27348503,0.26138523,0.26035658,0.26011977,0.2520466,0.25020677,0.26218104,0.26388964,0.2516078,0.26797277,0.27786013,0.2831074,0.29307264,0.29905784,0.3224434,0.33070633,0.33350202,0.3308537,0.36845714,0.36545256,0.36302376,0.3658093,0.37226802,0.36956918,0.40030497,0.40286994,0.3895562,0.39431682,0.39148995,0.3836571,0.37918028,0.36815476,0.35930744,0.34872285,0.33400753,0.32834724,0.3002049,0.25745657,0.31174198,0.32515174,0.34189528,0.3623027,0.37690723,0.40397236,0.40118527,0.40857798,0.42491555,0.44081634,0.4161347,0.41209722,0.3979166,0.38489515,0.36690426,0.3712388,0.2942786,0.27446738,0.27330223,0.2694436,0.2680519,0.28001535,0.28122,0.31218487,0.31279826,0.31405935,0.3125315,0.31230748,0.3135909,0.31420752,0.315389,0.3133764,0.32440007,0.3249646,0.3261129,0.32287815,0.31937885,0.31902617,0.31823918,0.31734794,0.3163598,0.3048328,0.3047596,0.3045152,0.29386643,0.25697297,0.2571166,0.26596323,0.29138482,0.3122845,0.3184317,0.32455057,0.33541673,0.35411713,0.36308223,0.36709437,0.37825632,0.38293397,0.38722056,0.3882057,0.38938147,0.38886827,0.38789356,0.38591674,0.38285553,0.3791688,0.37357113,0.37152833,0.36667094,0.36164325,0.35487697,0.3497309,0.3471751,0.34063724,0.33583537,0.33119884,0.3276561,0.3234331,0.31835267,0.31471795,0.31297952,0.30884418,0.30587998,0.3031606,0.30120876
0.034010403,0.035228092,0.036864918,0.03778671,0.039573964,0.04013106,0.040346835,0.041056998,0.04355668,0.043198843,0.0431185,0.041880585,0.04050189,0.038438663,0.037524473,0.032337308,0.030784383,0.026128251,0.025283972,0.024118777,0.02305288,0.021936702,0.021492904,0.020672398,0.021316273,0.02072682,0.020518888,0.020189578,0.027677767,0.03091983,0.033757765,0.035869285,0.040113214,0.045407087,0.052733526,0.05915965,0.06851791,0.079335935,0.09973417,0.108502954,0.12871915,0.17839941,0.24432628,0.33050823,0.3661867,0.4558781,0.52897507,0.59322757,0.6172028,0.65995675,0.7020394,0.73319036,0.7479768,0.7766386,0.8045206,0.8344249,0.8608413,0.87346375,0.8980245,0.92068017,0.944779,0.9532414,0.9662788,0.972748,0.97157216,0.96941185,0.9631665,0.94312423,0.9181585,0.89098585,0.8660204,0.8620634,0.84715766,0.83860224,0.85138434,0.856972,0.8721256,0.9013315,0.9231285,0.94160444,0.95074993,0.96467376,0.97235566,0.97417206,0.97378373,0.9669417,0.95188016,0.94027996,0.9266963,0.91542304,0.89748526,0.8722292,0.84521013,0.8167569,0.8021516,0.7328225,0.6960178,0.6219558,0.5621695,0.5487847,0.5221385,0.4962105,0.46567068,0.45135143,0.40286276,0.39090136,0.36033976,0.3417691,0.33855152,0.33052322,0.32551867,0.27501065,0.26701805,0.26576075,0.2654465,0.25949094,0.2574421,0.26797906,0.2723974,0.2760042,0.29011962,0.2822776,0.28606486,0.28307182,0.30327335,0.3212019,0.33278465,0.34218565,0.33925912,0.382066,0.3750601,0.3713225,0.37396497,0.3800632,0.37665474,0.40476963,0.40414461,0.39388868,0.39760476,0.39462823,0.38734177,0.38274932,0.3713373,0.3622397,0.35253242,0.33597738,0.33023372,0.30069336,0.2768163,0.3124987,0.3330355,0.3404822,0.3580397,0.37780482,0.40514967,0.40908018,0.42195728,0.43284807,0.42224374,0.4164331,0.41239437,0.39772022,0.38328552,0.36743867,0.34990603,0.2832933,0.2666644,0.2732695,0.29492822,0.2813124,0.2818492,0.29991934,0.31578973,0.3178125,0.31883535,0.31669757,0.31823647,0.3196914,0.3210817,0.3217407,0.33074832,0.3320067,0.32536644,0.32509127,0.324444,0.32461858,0.32354665,0.32233837,0.3216931,0.31826398,0.31508756,0.31509584,0.3150772,0.3120737,0.30944613,0.30580673,0.30535302,0.31158018,0.30622503,0.3221444,0.31728035,0.32214892,0.33638465,0.35618967,0.36400935,0.3729183,0.37850648,0.38291147,0.38596115,0.3883418,0.3888623,0.3885251,0.38582388,0.38328597,0.38158125,0.3764263,0.37204942,0.36740077,0.36489394,0.35813454,0.35298452,0.34783328,0.34371173,0.338787,0.33400798,0.32809627,0.32594433,0.32061914,0.31681916,0.31328613,0.31064576,0.3075455,0.30469555,0.3013377
0.035598055,0.036843617,0.038893826,0.03977559,0.040979713,0.041373726,0.041569706,0.044593856,0.044436365,0.043943096,0.042839594,0.041412644,0.040159307,0.038294237,0.03645816,0.0315869,0.030689733,0.026295602,0.024847275,0.023736713,0.022722906,0.022102281,0.021252055,0.020479959,0.021071585,0.020838587,0.020454207,0.026320461,0.02816132,0.030215366,0.032859307,0.03672105,0.04118576,0.04752708,0.051432807,0.06076495,0.070370615,0.08145419,0.09545186,0.113427974,0.15431538,0.19017895,0.21858107,0.31698608,0.388788,0.47690687,0.55708164,0.5835331,0.6305328,0.6705784,0.70990205,0.725159,0.7542399,0.7830748,0.81038374,0.84015864,0.85362,0.88009423,0.90531623,0.9325207,0.94343674,0.96240765,0.976323,0.9837174,0.9834831,0.98621106,0.9763687,0.95646936,0.93129915,0.90408444,0.8975203,0.87505,0.8605092,0.85258424,0.85359406,0.8689885,0.8872895,0.91497177,0.9346387,0.9431697,0.95763564,0.96807986,0.971075,0.9695788,0.96919256,0.9497651,0.9376168,0.9233628,0.9036904,0.89425355,0.87419164,0.84407836,0.8159585,0.80147994,0.77183086,0.7044394,0.6680334,0.6023442,0.561411,0.535999,0.5110455,0.47832626,0.42407852,0.41751927,0.40497717,0.38872418,0.3601814,0.3484147,0.34965098,0.3443328,0.32653934,0.25716165,0.26478007,0.27603835,0.2747531,0.27425307,0.2684669,0.26658803,0.2831089,0.2855243,0.29467064,0.30200052,0.30605727,0.289468,0.3065796,0.32562727,0.33085752,0.34202015,0.34142086,0.3900321,0.38430876,0.37918308,0.38164163,0.3873656,0.3833186,0.39082623,0.40736097,0.40691358,0.40082368,0.39772445,0.3910251,0.38144106,0.37456587,0.36826625,0.3552582,0.33942705,0.32667005,0.30453974,0.33472645,0.31320974,0.33368975,0.3410918,0.35894865,0.37852013,0.40602025,0.4139999,0.42255965,0.43267497,0.42206654,0.41554126,0.40335646,0.3887144,0.36241207,0.35867465,0.32771033,0.27764657,0.2772429,0.27632213,0.28494745,0.28263828,0.30127543,0.31730273,0.31967536,0.3155736,0.3181546,0.32130513,0.32303673,0.3246905,0.33704638,0.33219177,0.33194214,0.3296063,0.32894042,0.32809567,0.3276089,0.32516336,0.3240535,0.32145092,0.3213647,0.3213026,0.32092103,0.3205282,0.32148665,0.31243718,0.31025237,0.30938482,0.3084961,0.30820227,0.31440848,0.30034778,0.3022422,0.30513403,0.32339343,0.3324985,0.3425391,0.35216147,0.37161535,0.37461105,0.37963977,0.38598144,0.38723055,0.38736522,0.38721102,0.38495255,0.3819059,0.37900528,0.3749625,0.37035018,0.365586,0.3614605,0.35630634,0.35112676,0.34437662,0.33942705,0.33700046,0.33085015,0.32645133,0.32229164,0.31910506,0.31540388,0.31094167,0.30781552,0.30630082,0.30270407
0.037871193,0.03895287,0.040431485,0.041207,0.04240908,0.042621393,0.042644363,0.045474347,0.044845533,0.044020075,0.043075632,0.041425057,0.039051514,0.037186727,0.03278454,0.03143167,0.027091533,0.025809357,0.024416141,0.023876784,0.022874707,0.021827737,0.021032166,0.021821639,0.021177417,0.020745488,0.020417796,0.026676066,0.02770026,0.030704822,0.033530544,0.037612423,0.03982655,0.045066208,0.05287091,0.062412646,0.07230479,0.077778384,0.09957795,0.11904503,0.16249238,0.18251865,0.2575907,0.33907604,0.41262764,0.49758774,0.53757,0.5984233,0.64240247,0.67998916,0.70131457,0.73134047,0.7598127,0.7882246,0.8180645,0.8318209,0.8591007,0.88620794,0.91207796,0.9279144,0.95116204,0.97100526,0.9857833,0.99419266,1.0008248,0.99885136,0.98822546,0.96888405,0.94386834,0.93040264,0.91005397,0.887792,0.87377554,0.86656123,0.8718117,0.88479006,0.9015015,0.9267289,0.93560094,0.9504171,0.9613005,0.9669225,0.96636117,0.9644745,0.947535,0.9350529,0.92032015,0.90369195,0.8897416,0.8685995,0.8432383,0.8155247,0.78668666,0.7720028,0.7091696,0.67607236,0.6266615,0.5971109,0.5470066,0.5423017,0.46729153,0.43258882,0.42922688,0.41903606,0.40698254,0.39205062,0.35849828,0.35071415,0.358387,0.4065503,0.3600094,0.34678453,0.35803422,0.33171394,0.2771611,0.27690285,0.27673557,0.29174146,0.2894673,0.29142874,0.29915088,0.3059109,0.31376675,0.3180956,0.33098274,0.32794812,0.33482116,0.3379003,0.34916568,0.397312,0.38891527,0.39752567,0.38879704,0.39412263,0.4104812,0.3979777,0.41040447,0.40992612,0.40388492,0.40070173,0.37771487,0.38488138,0.37778422,0.37081033,0.36039308,0.34194428,0.31393924,0.308438,0.3366572,0.34581903,0.3340892,0.34908935,0.36229408,0.37712818,0.39765823,0.423012,0.4288168,0.43204015,0.42146784,0.41494986,0.38783932,0.36527598,0.3698442,0.35336372,0.27763495,0.27028617,0.26929674,0.2735169,0.32822,0.33075714,0.3120279,0.30988795,0.31252283,0.3085983,0.31166553,0.3146261,0.3275744,0.32683644,0.3223992,0.32272682,0.3228392,0.32092094,0.32086682,0.32058588,0.32874206,0.32860127,0.32619643,0.32590017,0.32215238,0.31934217,0.32660225,0.31625402,0.31648764,0.31347123,0.31345156,0.31071275,0.302088,0.29905733,0.29855004,0.29719597,0.29464087,0.27721256,0.29725024,0.2914876,0.31250596,0.3210816,0.35540593,0.3628066,0.36618206,0.3785131,0.3819431,0.3838744,0.3860048,0.3849689,0.3833365,0.38030565,0.37533408,0.37314478,0.3686594,0.36207876,0.35703003,0.35444,0.34765333,0.34257764,0.33765772,0.33376902,0.3292103,0.3248921,0.3195771,0.31569546,0.3129797,0.30949837,0.30567837,0.30138785
0.03946682,0.040493537,0.042195015,0.04273309,0.04358681,0.046324026,0.046143044,0.045741163,0.044901095,0.044266794,0.042264756,0.040384933,0.037906535,0.036980186,0.03272599,0.030401703,0.02655401,0.025925474,0.024534782,0.023493722,0.022550669,0.021577075,0.021196866,0.021621846,0.021056773,0.020681145,0.020532282,0.026503613,0.028188262,0.031256113,0.03424226,0.03647568,0.040887106,0.046363123,0.056168437,0.060273204,0.06902184,0.08543569,0.10432961,0.13917135,0.15541999,0.19527455,0.27902988,0.36233678,0.39943275,0.47301525,0.55568534,0.61188227,0.6527069,0.6709333,0.7077356,0.7366982,0.764725,0.7928539,0.8088277,0.8365377,0.8643494,0.8918818,0.9053329,0.93451184,0.9585526,0.97912735,0.994855,1.0003757,1.0114787,1.0097561,0.9996701,0.9809154,0.969036,0.9427199,0.9222909,0.900241,0.8868444,0.8811603,0.8862008,0.8985739,0.9199954,0.93613976,0.94331926,0.95438594,0.96153086,0.9623095,0.9583038,0.95306754,0.9325774,0.917656,0.900668,0.89149445,0.8664771,0.8425919,0.8153655,0.78715396,0.77266854,0.7297309,0.68396544,0.63572115,0.60646427,0.5924724,0.5400317,0.5188669,0.44461662,0.43534133,0.42893678,0.416731,0.39373457,0.35968563,0.35128143,0.34729722,0.4032038,0.39257428,0.38028592,0.3913889,0.39142472,0.36529747,0.3526069,0.34245205,0.32176864,0.29353702,0.29512456,0.2987048,0.3198928,0.3249153,0.31702262,0.32107177,0.34725443,0.34084454,0.33702713,0.3533506,0.35466838,0.37206712,0.40727276,0.40425068,0.39778623,0.40039355,0.4149646,0.402579,0.41323707,0.41192988,0.4067749,0.38921732,0.38227305,0.38821107,0.3786807,0.37337598,0.36286968,0.34458992,0.32005382,0.3069668,0.30182344,0.34737104,0.33427316,0.34912407,0.36929956,0.37958196,0.39690593,0.42207396,0.42731765,0.42655182,0.4239111,0.408507,0.38561127,0.37265122,0.36233637,0.34718215,0.27292144,0.28407323,0.28113577,0.3043072,0.32641014,0.3167756,0.31387216,0.3175923,0.31950366,0.320004,0.34150976,0.3318426,0.33311468,0.32324126,0.3262517,0.32626924,0.3260477,0.3242688,0.32578188,0.32609352,0.32625216,0.3347278,0.32442388,0.32794672,0.32345504,0.3197758,0.3181142,0.3102014,0.30626482,0.30252063,0.3018569,0.29853198,0.29694864,0.29396543,0.2937729,0.28016993,0.27959624,0.27851906,0.2849136,0.27713156,0.28025174,0.28209424,0.31513882,0.32305703,0.33903375,0.36413196,0.370084,0.37477344,0.37797794,0.3822932,0.38193703,0.3803283,0.37755632,0.37357265,0.3713978,0.36518574,0.36030158,0.35514167,0.34838632,0.34583327,0.34081343,0.3344576,0.32984757,0.32752275,0.32193244,0.31767863,0.31260577,0.31006464,0.30129668,0.2926068
0.041513857,0.042346437,0.04375834,0.04396184,0.047340345,0.04709343,0.046538774,0.046223816,0.045200814,0.04355371,0.04114821,0.04018277,0.037681356,0.033475786,0.03162299,0.027287312,0.026639502,0.025425939,0.024107657,0.023133444,0.022682287,0.021723658,0.021999327,0.02145486,0.021164939,0.020796183,0.025446516,0.026888166,0.02870947,0.0305383,0.03332823,0.03736243,0.041980885,0.047713455,0.05226829,0.061847318,0.07493826,0.08914491,0.09991035,0.1327543,0.16615726,0.20859346,0.3020807,0.34928307,0.4240131,0.5063225,0.5721143,0.62379724,0.6434501,0.67873967,0.7131548,0.7413698,0.7551638,0.78329647,0.8129102,0.8409779,0.86921346,0.8833605,0.91114396,0.9408128,0.9655292,0.9869106,0.99585795,1.0094175,1.021121,1.0204732,1.0106488,1.0024294,0.9807506,0.9603372,0.9341037,0.9123929,0.90467554,0.8942177,0.89426506,0.9109939,0.92968804,0.9364094,0.9478474,0.9587699,0.95723,0.95430577,0.9464901,0.93008125,0.91497874,0.89789516,0.87911594,0.86469054,0.8420129,0.8153942,0.7877648,0.75934577,0.7449961,0.688754,0.6407331,0.6105547,0.58179146,0.5476915,0.5271173,0.4859746,0.4837387,0.47783658,0.47535357,0.44780293,0.43074235,0.4278816,0.42552984,0.42456308,0.4273458,0.42797112,0.40764293,0.38376927,0.38327575,0.3851173,0.36706626,0.35599118,0.34586164,0.32967827,0.29658115,0.30016288,0.30431002,0.32712612,0.3327921,0.33607808,0.34768993,0.35468286,0.3386879,0.3552985,0.35689405,0.40533036,0.42277592,0.4134076,0.41341388,0.4060999,0.4189891,0.41708782,0.41581392,0.41444582,0.40940982,0.39326504,0.3864169,0.3837234,0.3765378,0.37584412,0.36536998,0.3472929,0.32411912,0.31074455,0.30547884,0.3488421,0.36102703,0.35309044,0.36830154,0.37843442,0.3915163,0.42083117,0.42444485,0.42106408,0.41042796,0.4007974,0.38582167,0.37243527,0.34460875,0.28328133,0.28310812,0.28080326,0.30210465,0.30219373,0.31143874,0.31590572,0.32077932,0.3185841,0.32056707,0.32252488,0.32698268,0.3295918,0.33059636,0.3338886,0.33411786,0.3427918,0.3311111,0.32960385,0.3380111,0.33182946,0.3295491,0.3271793,0.3214781,0.31371903,0.31136626,0.30688235,0.3060195,0.30195576,0.30002135,0.29630148,0.29284486,0.29272887,0.28972515,0.28832585,0.28849053,0.26860234,0.2673876,0.266239,0.26818752,0.26717627,0.26625997,0.26533628,0.27887142,0.285883,0.28975406,0.33076525,0.33907926,0.34335017,0.35139105,0.37517732,0.37339258,0.3741261,0.37618786,0.37367266,0.3702705,0.36579582,0.36337975,0.35838202,0.3516986,0.34655538,0.34155217,0.33752763,0.33257657,0.32738292,0.32112902,0.31741828,0.31021237,0.28871626,0.2243437,0.2353721
0.043330632,0.043687407,0.044994522,0.047794946,0.047994416,0.047739577,0.04706871,0.04606714,0.04438488,0.042891085,0.040916935,0.03897753,0.03642457,0.03233004,0.031440314,0.027347492,0.026093714,0.024945827,0.024202993,0.02324442,0.02238177,0.022385692,0.021807639,0.02155455,0.021080408,0.024783831,0.025723023,0.026535673,0.028218547,0.031095183,0.03405534,0.03829715,0.040579744,0.0459677,0.055113424,0.06349266,0.07801905,0.085275866,0.10519009,0.14163099,0.17832126,0.20794243,0.29139018,0.37380186,0.44817263,0.5267893,0.5579278,0.61440945,0.6524271,0.6883872,0.7179294,0.73177063,0.7591548,0.7870791,0.8167273,0.84519184,0.85950404,0.88829064,0.91660863,0.9467314,0.97218966,0.9837829,1.0036148,1.0182627,1.0305192,1.0303186,1.0267285,1.0132139,0.9919728,0.97155815,0.94535434,0.933824,0.91266584,0.90242565,0.906737,0.9216672,0.9311823,0.9414035,0.94878095,0.95478934,0.9495299,0.94269204,0.9352864,0.91253823,0.8954115,0.8765723,0.8666443,0.8407638,0.81563115,0.7886456,0.76094854,0.74682844,0.69656193,0.64749205,0.6174789,0.58858633,0.541576,0.5314344,0.5099095,0.49811205,0.4657981,0.45779282,0.45417938,0.44107744,0.435717,0.43076184,0.42921802,0.43256643,0.43318197,0.43430924,0.39718422,0.39602378,0.39551115,0.39665043,0.40522718,0.378772,0.35937572,0.35418,0.34460708,0.3443207,0.30539742,0.3294754,0.33456475,0.33755574,0.34818146,0.35480246,0.3621764,0.35671112,0.35858804,0.40712118,0.41112766,0.4161331,0.42224935,0.42118442,0.41759232,0.42004094,0.41788715,0.41084257,0.4091686,0.39688164,0.39016116,0.3869028,0.3799457,0.37295112,0.3677508,0.34998804,0.32805222,0.31642094,0.34571013,0.3557726,0.36145243,0.35211346,0.36701226,0.38362703,0.38981396,0.40657836,0.4174978,0.41440237,0.3972082,0.38969666,0.37235507,0.35893214,0.2808964,0.27956548,0.28007528,0.27472767,0.29988202,0.30836532,0.31253806,0.3147835,0.31955191,0.31366554,0.3229157,0.33727953,0.33938918,0.32278994,0.3256372,0.34028164,0.3405685,0.33899468,0.33339113,0.33259854,0.33032998,0.3279353,0.32374668,0.31218305,0.3111172,0.3062719,0.30167666,0.29945457,0.29525575,0.29501086,0.29129943,0.2878815,0.26386777,0.26528654,0.2637429,0.26233378,0.26102906,0.26324812,0.26206225,0.25043148,0.26263383,0.2524602,0.25231713,0.25217912,0.25430095,0.2636293,0.2645416,0.27733642,0.28857666,0.30335602,0.3099641,0.34243077,0.34970382,0.3556105,0.36841625,0.36861464,0.36779806,0.3666813,0.3626393,0.35812584,0.3549271,0.3498215,0.344331,0.33757722,0.33454365,0.32495335,0.31473252,0.27702457,0.182026,0.19671236,0.082767814,0.053259227
0.044683304,0.04528862,0.048789144,0.048793305,0.048630092,0.04794055,0.047024917,0.04521287,0.044250835,0.041651405,0.039676636,0.03775866,0.036001332,0.032120008,0.030394867,0.026750365,0.02556778,0.025019383,0.023800058,0.02291235,0.022116698,0.022462647,0.021900525,0.021431185,0.021030162,0.024989849,0.025466744,0.026932843,0.028749371,0.03169657,0.03351948,0.037133493,0.0416717,0.04728517,0.056547087,0.060676817,0.07454547,0.09150203,0.1205672,0.15181465,0.17074855,0.2478514,0.31582975,0.3989241,0.4716093,0.51550466,0.5737325,0.62471074,0.65998626,0.69355047,0.7082634,0.7355838,0.76266456,0.7905883,0.8204663,0.83467025,0.8636921,0.89292985,0.9244462,0.95251966,0.9658666,0.99041003,1.0112454,1.0303893,1.0394534,1.0406647,1.0364969,1.0235116,1.0026844,0.9821467,0.9689022,0.9428258,0.9248511,0.9136397,0.91741467,0.92504895,0.9365235,0.94295937,0.94897455,0.94739634,0.9381655,0.9297168,0.9099826,0.8930467,0.87431926,0.8542177,0.843635,0.81636536,0.7896127,0.7624814,0.7349883,0.69678986,0.6540945,0.6242195,0.5953049,0.5269731,0.5175165,0.4994694,0.4827425,0.4835627,0.4787179,0.45701647,0.4512367,0.4422158,0.43347573,0.4344921,0.43393603,0.43779016,0.43899465,0.42021063,0.42610207,0.42109305,0.4075406,0.42243615,0.41460192,0.40635085,0.38081184,0.36801618,0.3574651,0.3536814,0.3493289,0.3209162,0.32809746,0.32638124,0.34881508,0.3550065,0.36210713,0.3688885,0.35976964,0.40830487,0.4306297,0.41926232,0.42628437,0.42841724,0.4340393,0.42261133,0.42043224,0.41346514,0.40278366,0.40003505,0.39341435,0.3896847,0.38301396,0.37186152,0.3580284,0.3526098,0.3318793,0.3201293,0.3646735,0.3565954,0.3617208,0.36948854,0.36548164,0.38178992,0.39329025,0.405743,0.41058162,0.40729913,0.38446414,0.3670317,0.35889748,0.3389772,0.27909672,0.27108318,0.27021253,0.270343,0.28641933,0.28821987,0.3113155,0.31538293,0.31162295,0.32214007,0.32682982,0.34384406,0.3398199,0.33967566,0.32909688,0.34007597,0.33841848,0.33142662,0.33027464,0.32788253,0.32397565,0.31968576,0.30614173,0.30354437,0.30289742,0.29810363,0.2936143,0.2894634,0.2603405,0.26186097,0.2599881,0.25825322,0.2566724,0.25913215,0.2576824,0.24389234,0.24363172,0.24593,0.24581264,0.24558881,0.24538004,0.24768369,0.2474866,0.24739362,0.24968594,0.2495304,0.24939194,0.25415513,0.2642088,0.26637185,0.26929912,0.3015759,0.3052547,0.31330344,0.3405293,0.351859,0.3549235,0.3622933,0.36068645,0.35798588,0.3545008,0.35216314,0.34529895,0.33677208,0.31621224,0.25411493,0.26319593,0.15041149,0.04995952,0.03053617,0.0148257725,0.008587964
0.04631647,0.049514864,0.04969117,0.049335476,0.04880458,0.047855437,0.047295228,0.045021527,0.04302233,0.040360976,0.03938481,0.037359554,0.03278942,0.03103489,0.027720064,0.026780438,0.025614994,0.024563314,0.023436353,0.02301583,0.022240574,0.022252584,0.021755643,0.021342082,0.02115027,0.024798486,0.025763994,0.027366653,0.029777816,0.030976944,0.034256708,0.038040053,0.042790808,0.04865099,0.054134525,0.06450585,0.07786974,0.09645979,0.12878293,0.14487165,0.18434653,0.27002963,0.34156814,0.42398614,0.4598877,0.5346251,0.5876271,0.6336691,0.66641474,0.68385917,0.7120944,0.738884,0.7662118,0.7814527,0.8095369,0.8383365,0.8678489,0.89751524,0.92941666,0.9439376,0.97163844,0.99684936,1.0183113,1.0380446,1.0437185,1.0492789,1.0458078,1.0333736,1.0127809,1.0053953,0.97777617,0.95271486,0.9347737,0.925546,0.92477006,0.931051,0.9385621,0.9408972,0.9392506,0.9298904,0.9256564,0.9162323,0.8908063,0.8723288,0.85233337,0.8419473,0.8159418,0.79070145,0.76438177,0.7373349,0.7126778,0.6623733,0.633518,0.6057287,0.5638618,0.5151739,0.5060218,0.48877275,0.4731091,0.48093334,0.45863953,0.45601857,0.4515998,0.44827208,0.45683336,0.4570193,0.4571596,0.45757416,0.43924552,0.4440117,0.4483721,0.4273368,0.42690635,0.42780322,0.4189877,0.41595247,0.4074973,0.4032004,0.3784903,0.36067557,0.35833073,0.3543034,0.3272742,0.33107898,0.34227228,0.35530955,0.36207667,0.36871055,0.37979612,0.38713506,0.42907527,0.4234862,0.42610115,0.43652055,0.43594286,0.42573196,0.42255396,0.41563016,0.40540278,0.40269852,0.39620036,0.3920059,0.38562053,0.37466955,0.36122805,0.34937227,0.3354884,0.36276525,0.3658563,0.35914,0.36176708,0.36894035,0.36375818,0.37966746,0.38177317,0.40802822,0.396685,0.38286963,0.37009734,0.3534876,0.3363401,0.32813394,0.27627182,0.26959068,0.26863337,0.28472966,0.28536314,0.28680632,0.3023311,0.30554748,0.3094135,0.31869346,0.3231799,0.32774335,0.34317592,0.326549,0.3380827,0.3390604,0.33017504,0.32783273,0.32033628,0.3180704,0.3077384,0.30209553,0.29679176,0.29836172,0.27902684,0.28944585,0.2598556,0.2572671,0.23497802,0.23743546,0.23726347,0.23690704,0.23656614,0.23902853,0.23871954,0.23854867,0.23826866,0.24073198,0.2404623,0.2402165,0.24008094,0.24253678,0.24233657,0.24214105,0.24467543,0.24449724,0.2443479,0.24420244,0.25039604,0.25070664,0.2516252,0.2640071,0.2670975,0.27101168,0.30336723,0.3109381,0.31884864,0.3420057,0.34946328,0.34993285,0.3531389,0.34132367,0.31008855,0.31341356,0.23198695,0.105110615,0.06778144,0.01690285,0.008004427,0.004562658,0.000982727,0.0012094644
0.04968688,0.050223254,0.050219238,0.04961652,0.049198456,0.048061006,0.04640483,0.04375596,0.042727698,0.040041447,0.037961144,0.03585683,0.03166786,0.030825729,0.027725292,0.026206508,0.025122032,0.024144383,0.023520386,0.022724632,0.022726849,0.02208629,0.021856403,0.021455932,0.024313178,0.025031583,0.0260986,0.02699633,0.02920817,0.031575058,0.035034113,0.03900516,0.041338313,0.04685678,0.057071023,0.06807929,0.0816244,0.09232029,0.122707,0.1561362,0.21815194,0.29377294,0.33035213,0.41194192,0.48251918,0.5515294,0.5996558,0.6243438,0.65700495,0.6882467,0.71545357,0.74196273,0.7556218,0.78439635,0.8127178,0.8418992,0.8717837,0.88681203,0.91925323,0.94903684,0.9772079,1.0030391,1.0250819,1.037632,1.0514963,1.0574898,1.0547726,1.0427177,1.0376207,1.0139579,0.98683167,0.9616507,0.94326794,0.93509007,0.934088,0.93384826,0.934978,0.93474364,0.92895013,0.92457443,0.91060495,0.89811283,0.8705308,0.8508497,0.84055805,0.8192708,0.79175955,0.7660893,0.7306202,0.70329183,0.66685236,0.63798773,0.597604,0.5702741,0.5283749,0.5196781,0.51979464,0.50952697,0.48257682,0.47954553,0.47152784,0.47006226,0.46785748,0.45764488,0.4584555,0.45988587,0.46006426,0.4197135,0.4229132,0.44646674,0.44865423,0.4437052,0.44253176,0.43974468,0.42622593,0.44134435,0.41146427,0.40623873,0.39861512,0.38046962,0.3882131,0.36301327,0.3593398,0.329935,0.33793423,0.35572553,0.36214918,0.36854884,0.37937164,0.38585958,0.42729545,0.42278653,0.42925438,0.43824643,0.4375034,0.4363796,0.4248945,0.41733062,0.41361877,0.40483052,0.4017349,0.39390323,0.3878129,0.37706882,0.35822457,0.35241982,0.33887178,0.364204,0.31293836,0.35925955,0.36162204,0.3681663,0.3617383,0.3772481,0.38982683,0.39061806,0.3784211,0.36790225,0.35144818,0.3353526,0.32311583,0.2759513,0.2683645,0.27558038,0.2793923,0.27976635,0.2989481,0.30038142,0.3033727,0.3065361,0.30984458,0.31331992,0.31466627,0.3145171,0.34225455,0.36078477,0.36304072,0.35694566,0.32639456,0.31048495,0.30776873,0.3013407,0.30126804,0.26806158,0.26385322,0.24995144,0.24664325,0.24872597,0.2472788,0.24458449,0.24220006,0.23167837,0.23127662,0.23109776,0.23073666,0.23334697,0.23301902,0.23269697,0.23255964,0.23515569,0.23488021,0.23463841,0.23440374,0.2371063,0.23691005,0.23672564,0.23927276,0.23911698,0.23906046,0.23892997,0.24147983,0.24137889,0.24346247,0.24779384,0.24880145,0.24489442,0.26497442,0.2690266,0.2714065,0.30092973,0.30908096,0.31403366,0.32846552,0.29943714,0.19470136,0.13868938,0.041756064,0.02034234,0.011445579,0.0024758242,0.0005224157,0.00029359764,0.00013519244,0.00016727175
0.05110876,0.05086964,0.050814655,0.05007694,0.048812777,0.047172602,0.04616067,0.043433633,0.04138253,0.038570102,0.036465835,0.035397686,0.031429812,0.029832317,0.027091188,0.02567354,0.025160095,0.02420896,0.023202244,0.023104368,0.02251477,0.022180853,0.021757806,0.02141102,0.024488257,0.02485244,0.025834236,0.02743868,0.029716875,0.03222236,0.0341077,0.037806626,0.042450145,0.048161946,0.05934575,0.064518444,0.078054376,0.10281307,0.13193674,0.1690072,0.23835996,0.28306055,0.35707158,0.43680525,0.5034933,0.566563,0.5891291,0.6313894,0.6623904,0.69223547,0.71843976,0.7315002,0.75830775,0.7871373,0.8157755,0.84527403,0.8603233,0.89089966,0.9236814,0.95386845,0.9825878,1.0090415,1.020827,1.044207,1.0586817,1.0653529,1.0631571,1.0585114,1.0461878,1.0223818,0.9949161,0.96911985,0.95852035,0.94290656,0.9367493,0.9332563,0.93016356,0.92526746,0.9209286,0.90881693,0.89221996,0.8687123,0.8495231,0.83937925,0.81850785,0.7929402,0.7681929,0.7348874,0.7068684,0.68350685,0.6424245,0.6043833,0.57656235,0.53246164,0.5147219,0.50640607,0.51027703,0.50190866,0.48487693,0.48330286,0.48300883,0.46895,0.4438673,0.4436023,0.44349116,0.4435265,0.41972718,0.42274433,0.4422297,0.44435775,0.4462884,0.44804168,0.44188848,0.43968832,0.43689007,0.43551072,0.43269315,0.43112576,0.40735364,0.39972943,0.39218304,0.39094645,0.38509735,0.38361904,0.36946842,0.3550213,0.36231405,0.36844185,0.39045063,0.39913797,0.4252496,0.43586355,0.42861763,0.436619,0.4387302,0.4339385,0.42590284,0.41897932,0.41476694,0.4034671,0.40296134,0.39532557,0.38689005,0.37901276,0.36077127,0.36887917,0.3669255,0.32832965,0.3156971,0.373786,0.36391976,0.36715952,0.35988152,0.36582968,0.38220915,0.36824787,0.3557848,0.34641016,0.33051783,0.32486767,0.28325155,0.277326,0.27860633,0.28084332,0.28136605,0.29508743,0.29710576,0.29972166,0.3010917,0.30393165,0.31335583,0.31654108,0.32504618,0.32675534,0.34051037,0.33389592,0.3277511,0.3196524,0.2837216,0.2816148,0.26271778,0.2458937,0.2478651,0.24415733,0.24241462,0.23927075,0.23648812,0.23882104,0.23638262,0.23529243,0.23323768,0.23570652,0.23397069,0.2324162,0.23173,0.22738793,0.22707473,0.22677553,0.2265116,0.22934653,0.22912095,0.2288818,0.22870296,0.2313795,0.23120591,0.23113376,0.2337913,0.2336635,0.23356673,0.23348117,0.23615183,0.23607868,0.23603457,0.24025553,0.24062788,0.23912784,0.24211892,0.24240944,0.25458717,0.26491758,0.2695781,0.25109252,0.23936336,0.11719207,0.063828096,0.032000788,0.0069227754,0.0014386884,0.00077154,0.00034999085,7.303729e-5,4.1044383e-5,8.6165455e-6,2.315772e-5
0.05190131,0.051669918,0.050911736,0.04985393,0.048836228,0.046912797,0.044830646,0.042049676,0.03996231,0.038089003,0.03599273,0.03259917,0.030403785,0.027682243,0.02707579,0.02568759,0.024713535,0.023838056,0.022927154,0.02316574,0.022598179,0.02206493,0.021694707,0.02403888,0.024367856,0.025110634,0.026185127,0.0279064,0.030262047,0.03149234,0.03487693,0.03875222,0.0435842,0.05169019,0.056920692,0.067508616,0.082177095,0.11017358,0.14232181,0.16160506,0.22585878,0.30840823,0.3834874,0.46027458,0.49294147,0.5567675,0.6017186,0.637922,0.6669553,0.68235743,0.70821,0.7341447,0.7608702,0.78990686,0.81877816,0.8336215,0.8639726,0.89478827,0.9280041,0.95856214,0.97341335,1.0015595,1.0297111,1.0505754,1.0655518,1.0727942,1.0731117,1.0664281,1.0541148,1.0300294,1.0019028,0.9878968,0.96378917,0.94644374,0.9362065,0.92925376,0.92139596,0.9175663,0.9061724,0.8895412,0.8767135,0.84828854,0.8282685,0.8178837,0.7962631,0.77098167,0.73750126,0.70077914,0.6861083,0.6403762,0.6114034,0.5834335,0.5365404,0.51818717,0.50959164,0.5109191,0.5017181,0.4825671,0.4806795,0.46793985,0.46716273,0.4399266,0.4397391,0.43968418,0.43973005,0.42027903,0.42160022,0.42404684,0.43939278,0.4411748,0.4427895,0.4435537,0.4397301,0.43802387,0.4358404,0.43306443,0.4318749,0.4306108,0.40789986,0.40209284,0.3932134,0.3864563,0.40324822,0.38591203,0.38767233,0.39035398,0.36048704,0.36832076,0.38946974,0.39760536,0.42295787,0.4338162,0.4276575,0.43641248,0.43862998,0.43437594,0.4264517,0.42291862,0.41432574,0.4070739,0.4037062,0.39626294,0.38806522,0.38048774,0.36575726,0.3700745,0.34347087,0.33096007,0.31835085,0.37309965,0.36246142,0.36928,0.34893262,0.35612407,0.37104568,0.35922238,0.3384187,0.32391033,0.32176024,0.27391055,0.2770941,0.2797654,0.2820416,0.28276065,0.28348738,0.29605287,0.29794577,0.30044705,0.30308366,0.30973572,0.31262884,0.3061865,0.31912327,0.2945616,0.31526154,0.29249543,0.26871085,0.2690236,0.25075638,0.23666875,0.23463334,0.23098446,0.23634504,0.23319267,0.23037495,0.22911339,0.22674525,0.22927323,0.22727385,0.2254874,0.22389735,0.22728048,0.22584745,0.22457242,0.22346891,0.22248933,0.22565944,0.22075783,0.22056514,0.22333916,0.22315128,0.22307053,0.22291394,0.22565421,0.22554876,0.22545364,0.22821873,0.22812967,0.22807527,0.2280293,0.23072793,0.23070231,0.23069386,0.23337293,0.23338814,0.23432295,0.23645127,0.23655902,0.23677002,0.24011236,0.22960785,0.20356368,0.13512067,0.038445506,0.0073182783,0.0027937258,0.0012176103,0.00023306932,0.00011280192,2.3130895e-5,4.7738636e-6,5.7568764e-6,1.2067338e-6,3.210033e-6
0.05238511,0.051738586,0.051228486,0.049925722,0.047639534,0.045533143,0.043419305,0.041660234,0.039455343,0.03656482,0.033205826,0.031482283,0.030187903,0.027645392,0.026486177,0.025209654,0.02431423,0.02390337,0.023022829,0.022944741,0.022441447,0.021986406,0.021817824,0.023965472,0.02457314,0.025398828,0.02656739,0.02753121,0.029690057,0.032139257,0.035682302,0.039718945,0.042104907,0.050604735,0.05930736,0.070836626,0.09040301,0.10499515,0.13578735,0.18790646,0.24800387,0.3346321,0.40979108,0.44552517,0.5213214,0.56991553,0.6102339,0.64333826,0.6592553,0.6854534,0.7107815,0.7366985,0.76334053,0.77843225,0.8069256,0.8366802,0.8673435,0.9005435,0.9322335,0.9478045,0.9782193,1.0069681,1.0352956,1.0567331,1.0721384,1.0770234,1.0803304,1.0739589,1.0612365,1.0365595,1.0221478,0.99258506,0.96474314,0.94714487,0.9323504,0.9210433,0.91552794,0.90425617,0.89026743,0.87207234,0.8570466,0.8246892,0.8141577,0.79222727,0.77121544,0.7400677,0.70588535,0.67662525,0.65796643,0.6170226,0.5886087,0.5607904,0.5133355,0.50348127,0.4851775,0.46874952,0.4690734,0.46484864,0.46189886,0.46086785,0.45955744,0.43561983,0.43551996,0.43548968,0.43553546,0.41974545,0.4218291,0.42367312,0.43551388,0.43690753,0.4382067,0.43881607,0.43606812,0.43477115,0.43306664,0.4309192,0.42819762,0.42659912,0.42609033,0.40468034,0.3993094,0.40684125,0.38394278,0.39225656,0.39014325,0.39129087,0.3576773,0.36578164,0.38854972,0.39622873,0.42036906,0.4315072,0.42641369,0.43588907,0.43664923,0.43449017,0.43060192,0.42280942,0.41430095,0.40727842,0.40044016,0.39670688,0.3887177,0.38148057,0.36737978,0.3517168,0.33949378,0.3333252,0.32077375,0.37215587,0.3611979,0.34041336,0.3488564,0.3551909,0.35388422,0.33859226,0.32656148,0.31824428,0.2749457,0.2768148,0.279716,0.28218722,0.2843326,0.28525567,0.29496497,0.297111,0.29886246,0.3012629,0.30811507,0.3107907,0.30471236,0.29291743,0.3173588,0.30425078,0.27646804,0.2694799,0.26547232,0.23072645,0.23448619,0.2299471,0.22599134,0.22419812,0.22099286,0.22161293,0.21920231,0.21713212,0.2153618,0.2201991,0.2185706,0.21712692,0.21588202,0.21478216,0.21803102,0.21704613,0.21617824,0.215416,0.21819146,0.21783897,0.21727292,0.2174237,0.21729212,0.21719916,0.21712057,0.21994533,0.21986587,0.21982549,0.21981692,0.22256753,0.22255532,0.22258438,0.22529198,0.22533819,0.22539014,0.2280631,0.22811612,0.22817723,0.23106252,0.23118487,0.2295352,0.2266908,0.19312099,0.09645737,0.034298647,0.013757327,0.0022227298,0.0006767145,0.00011602388,2.026579e-5,1.9077375e-5,3.7149075e-6,7.312942e-7,3.7877294e-7,1.724742e-7,4.5451404e-7
0.05293242,0.05198895,0.050655194,0.04904897,0.04623453,0.045153193,0.043028407,0.04003963,0.037881512,0.035056286,0.032912694,0.031236967,0.028204806,0.027019056,0.025950635,0.025229327,0.024361307,0.023592426,0.023296408,0.022769613,0.02253832,0.022106465,0.023771575,0.024110034,0.024812635,0.025226036,0.026299044,0.028003212,0.030240977,0.032809045,0.03473688,0.03850538,0.04320978,0.05252174,0.061989754,0.07464331,0.08617249,0.11322921,0.1555075,0.20702523,0.27217707,0.3223127,0.3989301,0.47184968,0.53750736,0.5811536,0.6175225,0.63317513,0.66284066,0.6881035,0.71305317,0.73901844,0.75222844,0.78086746,0.8096888,0.83982277,0.8707858,0.9043848,0.9203477,0.9521859,0.98295647,1.0119878,1.0406836,1.0522671,1.0713035,1.083516,1.0871589,1.0842422,1.067587,1.0556009,1.0266144,0.9950548,0.96505576,0.9422866,0.92472804,0.91713357,0.9029348,0.88903916,0.87295705,0.85358405,0.82457083,0.8142852,0.79280365,0.77005184,0.7373792,0.71093345,0.6826608,0.6632196,0.62212765,0.59355766,0.5607339,0.5155929,0.49533352,0.4859496,0.46895128,0.45432562,0.4598124,0.4563214,0.4539558,0.4531257,0.4455156,0.43129253,0.43112728,0.43101293,0.43092844,0.41909674,0.42054445,0.42965844,0.43071398,0.43169197,0.43259874,0.43303835,0.43390712,0.43001863,0.4286959,0.42701766,0.42491046,0.42365795,0.42073822,0.42058113,0.40068582,0.3958455,0.39611632,0.3928022,0.39351714,0.38990346,0.40743005,0.3708764,0.37073913,0.39488474,0.42736143,0.42893353,0.42487374,0.43077546,0.4356407,0.43426493,0.43002224,0.4222493,0.4137057,0.4076992,0.40031245,0.3966385,0.38888693,0.381988,0.36858037,0.3532843,0.34140578,0.33535105,0.32298842,0.37094676,0.37203938,0.33709702,0.34483135,0.34618738,0.3408047,0.33211428,0.31356654,0.27633286,0.27955583,0.28098524,0.2822768,0.28457013,0.2829733,0.28185555,0.28259778,0.2829721,0.2972925,0.30216366,0.30200922,0.30415294,0.27918378,0.27778265,0.27731773,0.27828175,0.24006799,0.23406662,0.214702,0.21189906,0.22302164,0.22324122,0.21926528,0.215831,0.21429487,0.21488768,0.21254708,0.21053621,0.20880638,0.21056283,0.20237768,0.20225881,0.20212698,0.20206366,0.20522301,0.20512801,0.20510866,0.20504805,0.20811199,0.2080523,0.20803118,0.21102813,0.21099257,0.21099101,0.21100152,0.21389939,0.2139285,0.21396263,0.21400736,0.21686605,0.21691854,0.21699883,0.21975905,0.21985786,0.2199608,0.22282094,0.222929,0.22299324,0.2257001,0.22461377,0.21779366,0.19477108,0.15753002,0.056388237,0.015020676,0.0023515667,0.00036485848,0.00021818426,3.383208e-5,5.5492033e-6,1.7333667e-6,3.0882532e-7,1.3115194e-7,5.9616e-8,2.6540553e-8,6.659843e-8
0.052938063,0.051374797,0.049712345,0.048725426,0.045822084,0.043664094,0.041453723,0.038429182,0.03738075,0.034604788,0.03178265,0.030234765,0.027537527,0.026977215,0.025939966,0.024810927,0.024025926,0.023328561,0.023365049,0.02285935,0.022436429,0.022076815,0.023876771,0.024138758,0.024703573,0.025534,0.026693134,0.028502125,0.030813355,0.03207932,0.035527673,0.039449103,0.046117768,0.054651342,0.059473943,0.07148622,0.092125565,0.12267428,0.171168,0.19775543,0.27418983,0.34932885,0.42446885,0.4921962,0.5513521,0.5721983,0.6083544,0.63809526,0.6659348,0.6904869,0.7152725,0.72819126,0.7555995,0.7832801,0.81244314,0.8428376,0.8584129,0.891926,0.92421955,0.95633775,0.9875155,1.0168574,1.0329883,1.0575935,1.0770699,1.0896249,1.0935657,1.0902048,1.0828508,1.0602155,1.0291656,0.99508804,0.96235025,0.9347515,0.92364943,0.90494514,0.88922274,0.8723279,0.8548368,0.83425397,0.814296,0.7934335,0.77116126,0.7429203,0.7143268,0.68643075,0.67213213,0.6390995,0.5920054,0.5619396,0.51738435,0.496431,0.4867337,0.46933454,0.4809474,0.45532316,0.45131764,0.44846275,0.44736704,0.4399516,0.4376679,0.4269255,0.42657065,0.4262444,0.41666391,0.4171278,0.41793963,0.42452207,0.42512056,0.42563593,0.426167,0.42642084,0.42694414,0.42400372,0.4228875,0.4215656,0.4199004,0.41894048,0.4166698,0.42009062,0.41369763,0.39587897,0.39596182,0.39403746,0.40537128,0.39195716,0.3892412,0.36057404,0.3747922,0.3935773,0.4247979,0.42616534,0.42303053,0.4290228,0.43430862,0.431434,0.42908677,0.4241241,0.41267353,0.40670744,0.399207,0.39241403,0.388585,0.3820142,0.36927357,0.3544893,0.34301174,0.33109337,0.32500193,0.36948526,0.36999807,0.33274314,0.33679834,0.33512923,0.32376727,0.31549653,0.30655828,0.2738451,0.27631208,0.27831748,0.27882934,0.2805104,0.2816368,0.28228536,0.28024057,0.2800589,0.27990335,0.28086755,0.2802169,0.27906743,0.27996624,0.2601357,0.24263802,0.2281243,0.23224333,0.22570719,0.21956904,0.20623362,0.21845847,0.21396644,0.21006612,0.20669454,0.20640258,0.20713271,0.20604314,0.19216928,0.19216739,0.19220133,0.19557038,0.19555649,0.195583,0.19561546,0.19882438,0.19884183,0.1988943,0.19892262,0.2019771,0.20203878,0.2021098,0.20221311,0.2051641,0.20521204,0.20532437,0.20823075,0.20832044,0.20844397,0.20851484,0.21135414,0.21149059,0.21163327,0.21444383,0.21458977,0.21468319,0.21744686,0.21761017,0.21779843,0.21671309,0.21817599,0.20452394,0.16289733,0.0636653,0.012287646,0.0071491976,0.0010900989,0.00016179716,3.644248e-5,5.5263786e-6,2.139384e-6,5.290143e-7,8.5328125e-8,1.4208016e-8,4.89285e-9,4.89285e-9,1.1219485e-8
0.052441847,0.051256284,0.049429826,0.047255695,0.044294722,0.042030375,0.040902082,0.03791142,0.035867378,0.032323696,0.03074562,0.030014014,0.027478585,0.026417142,0.02547041,0.024452724,0.024083251,0.02382461,0.023184853,0.022742394,0.022375558,0.023678996,0.023858942,0.02433089,0.024963677,0.025870359,0.027114522,0.028125323,0.030248135,0.032742906,0.03633592,0.040426847,0.044511445,0.052523226,0.06231287,0.07832512,0.09896635,0.1409721,0.16309586,0.21834846,0.3003984,0.37632447,0.4484778,0.48004663,0.54225874,0.5818941,0.61461616,0.64214665,0.6688556,0.680704,0.70489985,0.73021936,0.7577165,0.7856874,0.81519103,0.8303226,0.86160433,0.8953673,0.9280362,0.96040815,0.9919654,1.0071247,1.0378221,1.0627983,1.0825138,1.0953968,1.0994693,1.1002841,1.0875968,1.0631496,1.0294684,0.99223757,0.95850295,0.93770665,0.91148645,0.89058715,0.87293345,0.85463333,0.83328044,0.81419957,0.79386777,0.7721391,0.7454674,0.7173068,0.68986046,0.67577994,0.64080924,0.608919,0.56845075,0.54032266,0.49766278,0.47848526,0.48866412,0.47639278,0.46677276,0.44705555,0.4437155,0.4412837,0.43518543,0.43273255,0.43066072,0.42245966,0.4218456,0.42120737,0.42090753,0.4140552,0.41427824,0.4187945,0.41888613,0.41897923,0.41901803,0.41911912,0.41926673,0.41695404,0.4159659,0.4148058,0.41345954,0.4126638,0.41088063,0.41352344,0.41218314,0.39752132,0.39385965,0.3922323,0.38917792,0.4009282,0.40025303,0.39839384,0.36202174,0.39867035,0.39987007,0.4322272,0.42087826,0.42697886,0.4326545,0.43036127,0.42781928,0.42252684,0.41122162,0.40526634,0.39792228,0.3909328,0.38782695,0.3815464,0.36950764,0.35527954,0.34421492,0.33267185,0.3205407,0.36777854,0.35790837,0.32653925,0.33484185,0.31837124,0.31908375,0.30800414,0.27261364,0.2750421,0.27696717,0.2784962,0.2773836,0.2805967,0.27830243,0.27799657,0.27752987,0.27689537,0.27606097,0.277732,0.26972055,0.26668623,0.25009963,0.23665756,0.21495622,0.22470114,0.22809976,0.22145551,0.21524073,0.19971327,0.19980273,0.20843975,0.20457004,0.17976272,0.17984413,0.18508072,0.1852425,0.18530653,0.1854532,0.18565443,0.18901917,0.18915695,0.18932384,0.1894072,0.19259924,0.19275166,0.19288836,0.19307739,0.19612238,0.19620718,0.19636768,0.19655932,0.19950442,0.19968267,0.1997818,0.20268127,0.20286681,0.20305677,0.2032508,0.2060778,0.20619133,0.20639454,0.20919593,0.20939398,0.20961931,0.2122742,0.21248397,0.21249743,0.21018049,0.20251206,0.14976937,0.122007385,0.034121666,0.0058432533,0.0013079261,0.0001936356,7.4788506e-5,1.6386768e-5,2.4378965e-6,3.6124712e-7,8.285417e-8,3.2326188e-8,4.935628e-9,1.3293651e-9,1.3293651e-9,2.4382694e-9
0.052429646,0.05008855,0.047913615,0.045702137,0.043762475,0.04145952,0.039241146,0.03638876,0.034420136,0.032027915,0.030502878,0.028306222,0.026887575,0.025917353,0.02547218,0.02449689,0.023814058,0.023603,0.023053093,0.022851862,0.022490988,0.023757437,0.024002695,0.02455425,0.025255593,0.025706187,0.026849939,0.028624732,0.03081957,0.033435807,0.03538929,0.039187785,0.046059906,0.05478556,0.06560809,0.08366232,0.09804073,0.13414425,0.18039176,0.2414104,0.32729203,0.40260318,0.438245,0.4991521,0.55458945,0.5907017,0.6197338,0.6454096,0.65897834,0.68281096,0.7069078,0.73220354,0.7599353,0.7738315,0.8028462,0.83325315,0.8647831,0.89877933,0.9317021,0.9644059,0.9805351,1.0137427,1.0425572,1.0677341,1.0877612,1.1008734,1.1041089,1.1051232,1.0912131,1.0643303,1.027244,0.9861704,0.9601394,0.92501587,0.8970779,0.87460846,0.8543123,0.83358383,0.82380646,0.79423606,0.770949,0.74718285,0.7219759,0.6925067,0.678284,0.6454293,0.6117315,0.5694629,0.54060954,0.49890292,0.49331352,0.48572558,0.47279942,0.462515,0.454654,0.43981618,0.4369669,0.43460903,0.42862865,0.42634314,0.42433006,0.41794506,0.41697675,0.41601393,0.41042387,0.41014877,0.4129881,0.4126184,0.4122598,0.41187468,0.4117289,0.41141784,0.4111422,0.4092232,0.40818456,0.4070857,0.40588698,0.4052377,0.4037616,0.40201277,0.40461338,0.40355706,0.39057568,0.3890911,0.38596576,0.39670205,0.39592418,0.39705867,0.36719298,0.3718497,0.37425625,0.42927772,0.4304815,0.42465705,0.4306814,0.4293278,0.4262109,0.42055604,0.40938598,0.40344766,0.39625752,0.3894437,0.38300952,0.3806751,0.36930186,0.3556655,0.345052,0.33394128,0.35723063,0.3658374,0.3494719,0.32156968,0.31347004,0.27536747,0.27146348,0.27223438,0.27332258,0.27511317,0.27648225,0.2746988,0.2740902,0.2753914,0.27505696,0.27427724,0.273296,0.27211544,0.26425806,0.25209835,0.2537047,0.24777015,0.23581274,0.21216328,0.19575027,0.20378457,0.19977155,0.20463918,0.1989851,0.19394282,0.18957043,0.1835778,0.17368446,0.17371684,0.1738711,0.17698023,0.17720905,0.17885765,0.17916241,0.17932047,0.18270096,0.18296815,0.18325381,0.18353716,0.18660969,0.18685167,0.18711334,0.18739739,0.19043721,0.1906977,0.19081442,0.19108692,0.19404335,0.19427417,0.19455284,0.19481108,0.1975502,0.1978075,0.1980824,0.20089431,0.20114094,0.2014287,0.2040771,0.20432872,0.20460078,0.20734164,0.20760565,0.20710158,0.20222326,0.18518499,0.10903702,0.028661074,0.0069915326,0.0027451366,0.0006054342,9.009727e-5,1.3391022e-5,2.9070977e-6,1.1221775e-6,1.6680886e-7,3.6347885e-8,5.3836207e-9,7.956593e-10,4.690725e-10,4.690725e-10,7.7912043e-10
0.05134315,0.0496879,0.047443364,0.04521182,0.042014193,0.039780613,0.037907615,0.035891343,0.033989668,0.030992411,0.029588548,0.027648043,0.026837293,0.025904201,0.025075793,0.024205204,0.023938121,0.023591543,0.023154568,0.022790022,0.02373271,0.023872137,0.024177235,0.0245142,0.025155896,0.026056495,0.027492488,0.029282527,0.030291446,0.03270921,0.03619326,0.04160967,0.047752466,0.057352543,0.06289099,0.079822555,0.10627327,0.14795275,0.19982354,0.26620334,0.31655994,0.39200416,0.46070525,0.51589847,0.5649649,0.59730726,0.6111631,0.63644034,0.6614873,0.6847618,0.7087596,0.73416907,0.7484064,0.7760986,0.80532974,0.8360707,0.86941606,0.90216637,0.91872936,0.9519441,0.98449904,1.0179794,1.0469958,1.0724707,1.0833434,1.1003466,1.1114163,1.1091125,1.0933553,1.0632493,1.021838,0.99912715,0.94707876,0.91001564,0.88084316,0.8554405,0.83513486,0.82492155,0.80646443,0.77207327,0.7487698,0.7226335,0.6938063,0.66248,0.64743465,0.61416215,0.5852767,0.54114926,0.5144619,0.49141014,0.48359793,0.47003824,0.45930278,0.45095906,0.44456494,0.433543,0.42969108,0.4254211,0.42289007,0.42059892,0.41851616,0.41339093,0.41205382,0.41136712,0.40647256,0.40562275,0.40707776,0.4062267,0.4053798,0.40458706,0.40419933,0.40347934,0.4028456,0.40104413,0.39993498,0.39879128,0.39761952,0.39697742,0.39565483,0.39420402,0.3960104,0.39515692,0.39433807,0.3841645,0.38186997,0.37937307,0.39001197,0.39049482,0.39305517,0.3654306,0.36553127,0.3795558,0.423725,0.42205295,0.42841506,0.42676243,0.4212941,0.4182949,0.41215432,0.40125135,0.39418992,0.38758522,0.3807233,0.3793919,0.36871558,0.35566038,0.34557092,0.33489785,0.35572135,0.31496102,0.34434077,0.26900876,0.27693447,0.2704397,0.271676,0.2719494,0.2733099,0.2738382,0.27127534,0.27033198,0.26919872,0.27081618,0.2695759,0.2688667,0.2673212,0.25957927,0.24824634,0.24257796,0.24136265,0.23380707,0.211906,0.20418964,0.18880774,0.18097466,0.18112057,0.1749989,0.19298105,0.18139608,0.17804857,0.18308446,0.17600651,0.16794977,0.16806068,0.16833812,0.17147069,0.17180625,0.1721665,0.17256726,0.17664328,0.17703043,0.17741007,0.17782807,0.18100405,0.181353,0.18154703,0.1819037,0.18495186,0.18527788,0.18561813,0.18597579,0.18874359,0.18904935,0.1893941,0.18973595,0.19255984,0.19288595,0.19305357,0.19583991,0.19616263,0.19648336,0.19923629,0.19954771,0.19971745,0.20003098,0.20235586,0.19858636,0.17515175,0.15955997,0.06892362,0.01430916,0.003300877,0.00049602904,7.4217496e-5,4.1843374e-5,6.237718e-6,1.3552728e-6,2.0167117e-7,2.9888778e-8,1.684674e-8,2.507097e-9,3.7088563e-10,2.0947395e-10,2.0947395e-10,3.0957661e-10
0.051026482,0.048066676,0.045800745,0.04344173,0.041411154,0.039213825,0.036391497,0.034464397,0.031985726,0.030736167,0.029386016,0.027572297,0.026327252,0.025481297,0.024736632,0.024267968,0.024000192,0.023459721,0.023080759,0.02276631,0.023822995,0.023901701,0.024179494,0.024762172,0.025462454,0.026430454,0.027243229,0.028883979,0.030860148,0.03339082,0.037011284,0.042982098,0.04606141,0.05510542,0.06646483,0.085651346,0.12140819,0.16399266,0.19091529,0.2558051,0.3438023,0.41729918,0.4806942,0.5310574,0.55661386,0.5890011,0.61562544,0.6394525,0.66354084,0.6866096,0.69846225,0.72321963,0.7505023,0.77838326,0.80793554,0.8388957,0.872457,0.8889191,0.9222526,0.9556628,0.9885089,1.022119,1.0514092,1.0647641,1.0880133,1.1050543,1.1155993,1.1121273,1.0937458,1.078526,1.0374045,0.9872294,0.93142056,0.8916769,0.86161625,0.83835346,0.8270522,0.80597407,0.7728791,0.74932814,0.7242047,0.6954492,0.6662347,0.6477771,0.6178494,0.58630353,0.5416159,0.5146947,0.49012548,0.48197278,0.46804523,0.45693758,0.44822642,0.44154507,0.43101507,0.42712575,0.42307264,0.42029637,0.41776243,0.41541123,0.4131721,0.40881762,0.40710095,0.40625346,0.40206683,0.4007318,0.4010313,0.39972606,0.398452,0.3972397,0.39667878,0.3955677,0.3945172,0.39357546,0.39145237,0.39018142,0.38893628,0.3883161,0.38702598,0.38565668,0.38673103,0.38600037,0.38532603,0.38501248,0.37589258,0.3741535,0.37231368,0.38281995,0.38468617,0.3974729,0.35984135,0.3696827,0.40746662,0.42622447,0.42253485,0.4239097,0.41888604,0.4157085,0.409356,0.39933464,0.3918032,0.3853879,0.3787881,0.37186027,0.367707,0.35525763,0.34570512,0.33550587,0.321592,0.31351945,0.27163297,0.27855793,0.27432042,0.2687883,0.27032888,0.2663005,0.26614174,0.26590222,0.26571348,0.2642021,0.26247177,0.26050776,0.26258883,0.25570083,0.24840571,0.2434602,0.23791365,0.23037304,0.2269731,0.20692639,0.19952582,0.18902463,0.18155079,0.17423119,0.17495264,0.16930808,0.17642295,0.17471342,0.17169692,0.17223005,0.17003883,0.1530536,0.15384194,0.1546597,0.16589041,0.16630103,0.1667405,0.16525568,0.17034614,0.17155945,0.17180689,0.17230427,0.17549701,0.17594804,0.17640634,0.17685509,0.17966402,0.18006918,0.18048781,0.1809193,0.18382226,0.18420616,0.18441118,0.184816,0.18763171,0.18801165,0.18838671,0.19114174,0.19133852,0.1917049,0.19443052,0.19478408,0.19515216,0.19515474,0.19693105,0.18915579,0.14820799,0.07733939,0.01710947,0.0069446955,0.0015584554,0.00023329502,3.459959e-5,7.5474404e-6,1.1165695e-6,6.3067614e-7,9.353875e-8,1.39054555e-8,3.0328609e-9,4.4992507e-10,6.676675e-11,9.727719e-11,9.727719e-11,1.4278843e-10
0.049523983,0.046366442,0.045173377,0.042824008,0.039715763,0.037624553,0.035650097,0.034034982,0.031697504,0.029825147,0.028018419,0.02700049,0.025881303,0.025489416,0.024776867,0.024324115,0.023830336,0.023372663,0.023202106,0.022905884,0.023875209,0.024052788,0.02438347,0.025032857,0.025383277,0.026271708,0.027680987,0.029387686,0.031452004,0.034098294,0.036880266,0.041623533,0.047870163,0.05789697,0.0727627,0.09260092,0.1154128,0.15629525,0.21234114,0.2818084,0.37107453,0.4407939,0.47112688,0.52202475,0.5655471,0.594648,0.6192809,0.6420556,0.6654307,0.67680943,0.70021635,0.7250804,0.7525168,0.7806905,0.8104475,0.82593,0.85920024,0.89211285,0.92573744,0.95932376,0.9923306,1.0261867,1.0412008,1.0690609,1.0923983,1.1094292,1.1191314,1.1139224,1.1052883,1.0744839,1.0275952,0.9725397,0.91268605,0.87298423,0.84302175,0.8314078,0.8082098,0.7865913,0.7503154,0.7255449,0.69856715,0.6675853,0.6523589,0.6190716,0.5872969,0.55640507,0.51478195,0.49139795,0.47335857,0.4666401,0.45525733,0.44637066,0.4394906,0.43406028,0.42539954,0.42374834,0.41855854,0.41578498,0.41315046,0.4106154,0.4081823,0.40430176,0.40325674,0.40195835,0.39742404,0.39677346,0.39502868,0.39331284,0.39163724,0.3908174,0.3892589,0.38777462,0.38639835,0.385107,0.3830092,0.3816014,0.3801827,0.3795157,0.37816694,0.37679133,0.37721682,0.37644646,0.37577543,0.3752624,0.3750532,0.3673478,0.36610058,0.36489385,0.37484032,0.38005185,0.35341442,0.37805176,0.39378607,0.41954172,0.42374796,0.4208072,0.4162033,0.4095852,0.40631762,0.39641985,0.38911918,0.3829162,0.37655234,0.3699718,0.3623239,0.354557,0.34551877,0.33400398,0.32941934,0.2736601,0.27772224,0.27211323,0.2664956,0.265377,0.26169923,0.26115483,0.2601083,0.259256,0.2582488,0.25612223,0.25077796,0.24753492,0.24930392,0.24021816,0.23505118,0.23228432,0.22497122,0.21700294,0.21562304,0.19769286,0.18459746,0.17759515,0.17411017,0.17067772,0.16858625,0.16344891,0.16949688,0.1665938,0.16415302,0.16614726,0.16421458,0.16266479,0.1494402,0.15030214,0.15337984,0.15793769,0.15892881,0.15986891,0.16339959,0.16422002,0.16502202,0.16540396,0.1701774,0.17073353,0.1712594,0.17180729,0.17479868,0.17530264,0.17553821,0.17603968,0.178919,0.17936799,0.17984177,0.1803021,0.18284987,0.1832845,0.18373004,0.18645264,0.18687396,0.1872928,0.1897775,0.19017015,0.19057478,0.1889452,0.18561815,0.15179904,0.113009095,0.045186274,0.008385775,0.0012920031,0.00028238766,4.2197622e-5,1.616759e-5,3.5300732e-6,5.23856e-7,1.13947955e-7,1.6878792e-8,6.527215e-9,1.4092897e-9,2.0969074e-10,3.10096e-11,4.5583728e-11,4.5583728e-11,6.676675e-11
0.04898731,0.045716226,0.04335271,0.041071363,0.038105264,0.037107177,0.03448588,0.032157946,0.03070602,0.028454388,0.027418463,0.026947122,0.025874477,0.025146771,0.024512082,0.024140503,0.023915676,0.023489388,0.023182033,0.023865148,0.024004444,0.024232104,0.02440308,0.025008406,0.025704863,0.026650205,0.028138192,0.029913139,0.030924119,0.03370372,0.03794441,0.043056175,0.049890954,0.06108846,0.06952298,0.08827458,0.1274475,0.17385766,0.2357821,0.3090131,0.39707518,0.4312033,0.48954725,0.54040486,0.57286215,0.5993268,0.62236726,0.63454455,0.6562218,0.67853725,0.70199716,0.7269467,0.7546641,0.76863974,0.7978124,0.8286219,0.86208576,0.8952984,0.9291013,0.9629429,0.9796303,1.0142989,1.0452601,1.0732034,1.0966234,1.1134046,1.1218749,1.1201497,1.1036147,1.0674282,1.0140849,0.944658,0.89244014,0.8532474,0.83843154,0.81208205,0.78866345,0.7652367,0.7265337,0.69983846,0.6686858,0.65321743,0.6201374,0.58793324,0.55675036,0.5147384,0.49149227,0.47251242,0.4657568,0.45430085,0.44525614,0.43820834,0.43262812,0.42809206,0.4210524,0.41757473,0.41458037,0.41169804,0.40890813,0.40617946,0.40350482,0.39984086,0.3986181,0.39674538,0.39265907,0.3912781,0.3891273,0.3870317,0.38499615,0.38401672,0.38209122,0.38026243,0.3785488,0.37693372,0.3748304,0.3691063,0.3682733,0.3666797,0.36513457,0.36363566,0.36219501,0.36226574,0.36142197,0.3607268,0.36045974,0.3594752,0.35858306,0.35780075,0.36587942,0.36834842,0.3828544,0.3462903,0.39382142,0.41268542,0.4121171,0.4187204,0.41370225,0.40640697,0.40304998,0.39330378,0.38620636,0.38017133,0.3740784,0.36782488,0.36013797,0.35352045,0.3450379,0.33350703,0.32551163,0.28065342,0.27226174,0.2593381,0.25742486,0.25448698,0.2511878,0.25376913,0.25252545,0.25010645,0.24504665,0.24337941,0.23985386,0.23216239,0.23345758,0.2283987,0.22287141,0.21603413,0.21158426,0.20489371,0.18960407,0.18808262,0.17618674,0.16970043,0.16336685,0.1636382,0.1621235,0.1574657,0.15324122,0.16003205,0.1579107,0.15915157,0.1583754,0.15705888,0.1561022,0.14588588,0.14903906,0.14997126,0.15407936,0.15459475,0.15815651,0.1590688,0.15996334,0.16081138,0.16164075,0.16444117,0.16518928,0.16592573,0.16663346,0.1704915,0.17105275,0.17159534,0.1741881,0.1747082,0.17522089,0.17573558,0.1784886,0.1789564,0.17920439,0.1819164,0.18236461,0.1828218,0.18328321,0.18591012,0.18614362,0.18294367,0.1740413,0.12052542,0.038927153,0.010055542,0.0040259114,0.00060784613,0.0001332433,1.9743717e-5,2.939267e-6,6.3613777e-7,2.4521813e-7,5.339286e-8,7.91838e-9,1.1769812e-9,2.5461572e-10,3.775908e-11,1.4528929e-11,2.1215146e-11,2.1215146e-11,3.10096e-11
0.04720623,0.043868642,0.04270887,0.040465254,0.037563924,0.035627272,0.03320598,0.031142373,0.030463263,0.028340485,0.027347043,0.02646362,0.025512561,0.024865292,0.024695959,0.024217403,0.023811175,0.023458784,0.023197746,0.023959301,0.024076475,0.024283264,0.024632657,0.02529722,0.026046796,0.02705226,0.027891245,0.02951841,0.03150892,0.03512741,0.0392147,0.044635717,0.048113458,0.058675192,0.0744885,0.099493064,0.1415912,0.19405976,0.2611033,0.29848507,0.38684976,0.452997,0.5052873,0.5499617,0.57914543,0.59159774,0.6143117,0.636692,0.658025,0.68012345,0.70368975,0.7297637,0.74304366,0.7708528,0.80032736,0.8313278,0.8651011,0.89848346,0.9324241,0.9494413,0.98504156,1.018078,1.0491099,1.077196,1.1005248,1.111549,1.1227533,1.1205937,1.099672,1.0565723,0.9962705,0.92256546,0.8951331,0.8510214,0.8183663,0.7920753,0.767881,0.7395876,0.6983286,0.66891325,0.653388,0.6206375,0.58827627,0.5568724,0.52800035,0.4914355,0.47201648,0.46518004,0.45373806,0.44471768,0.43763894,0.43192866,0.42722324,0.42059213,0.41894376,0.4140746,0.4109783,0.40794817,0.40495574,0.40198874,0.39906025,0.39686495,0.3941192,0.39172962,0.3878998,0.3859029,0.38342592,0.3809766,0.3786369,0.37747756,0.37526244,0.37313175,0.36754647,0.36549625,0.36320958,0.36129078,0.36036006,0.3585584,0.35685772,0.35522392,0.35367903,0.35323188,0.352211,0.35138395,0.3510319,0.3504689,0.34619695,0.3456526,0.34941566,0.35456446,0.35573167,0.37430933,0.36086988,0.39752012,0.4011124,0.41290426,0.40990266,0.40305793,0.39625636,0.3920499,0.3831054,0.37726873,0.37139964,0.365463,0.35885066,0.34833577,0.34286585,0.33602992,0.315587,0.27400282,0.2647832,0.25110152,0.24683236,0.24511223,0.24129216,0.2441917,0.24199831,0.2368672,0.23325616,0.22637911,0.22172225,0.21930745,0.22082299,0.21550693,0.20893182,0.2020527,0.19576886,0.18230243,0.17935431,0.17368686,0.16769594,0.16182062,0.15880835,0.15437672,0.15030943,0.15143146,0.14767826,0.15347894,0.15166327,0.15022762,0.1519602,0.1510543,0.15070185,0.15017861,0.1446462,0.14564912,0.14664675,0.14765501,0.15054165,0.15406439,0.15502363,0.15597685,0.15686332,0.16007115,0.16088173,0.1612748,0.16204551,0.16505665,0.16575594,0.1664301,0.16989975,0.17018685,0.17075025,0.1713168,0.17404307,0.1745761,0.17509696,0.17776929,0.17801331,0.17850614,0.17900963,0.18160017,0.17922616,0.16615064,0.15697107,0.08473991,0.020569367,0.004879131,0.0007452477,0.0001110595,6.24131e-5,9.256086e-6,1.3821705e-6,2.9947577e-7,4.4641876e-8,6.6276518e-9,3.7126187e-9,5.5348887e-10,1.1908453e-10,1.7793258e-11,6.84659e-12,9.977583e-12,9.977583e-12,1.4528929e-11
0.046527065,0.04321488,0.040948916,0.038803753,0.036078177,0.034261994,0.032822207,0.030877762,0.02960639,0.027740309,0.026842607,0.026050532,0.025528375,0.024915762,0.024516564,0.024101557,0.023750467,0.023466444,0.02335091,0.024045048,0.024239039,0.024490874,0.024884013,0.025606008,0.025976988,0.026899433,0.028348308,0.030033678,0.03211376,0.036074642,0.038063273,0.043221757,0.050288383,0.06355909,0.08037895,0.10951431,0.15804407,0.18528375,0.2511588,0.33973542,0.41195723,0.4721761,0.5187126,0.54247975,0.5714859,0.59558576,0.6169763,0.6386226,0.65965754,0.6818339,0.69344574,0.7187495,0.7450056,0.7729894,0.8027612,0.8340529,0.86800164,0.88473827,0.91859597,0.9528679,0.98867863,1.0217826,1.0528611,1.0809374,1.0932895,1.1147405,1.1246018,1.119396,1.0927666,1.0420009,0.9752989,0.9297257,0.8718298,0.8293695,0.79765236,0.77081186,0.74394846,0.6990516,0.68452996,0.6538245,0.6208912,0.5881644,0.5566073,0.5277344,0.50252897,0.47172022,0.4649652,0.45362246,0.44466668,0.4375752,0.4318464,0.4270631,0.42292944,0.41898343,0.41415316,0.41088507,0.4076362,0.40442795,0.40121588,0.3980232,0.3948562,0.39276642,0.3899854,0.38694695,0.38357547,0.38073155,0.37792397,0.37520823,0.37255177,0.37128398,0.36876103,0.36314663,0.36072436,0.35843316,0.35604954,0.35390377,0.35288635,0.35089967,0.34904167,0.3473,0.34562954,0.34472796,0.34351742,0.3424999,0.342049,0.34132054,0.3408111,0.33725718,0.33691746,0.3410254,0.34261504,0.36194736,0.36421385,0.3796896,0.3994515,0.39922163,0.4006482,0.3995458,0.3926329,0.38848233,0.38071772,0.3741975,0.3685847,0.3629541,0.35669318,0.34335285,0.33695042,0.32769114,0.2996273,0.26500812,0.2473646,0.24046695,0.23560858,0.23100176,0.22942588,0.23146692,0.22783907,0.22406235,0.21756819,0.212948,0.20813793,0.20309614,0.20053464,0.20112775,0.19627525,0.18924662,0.17728004,0.17194286,0.16284923,0.16468835,0.15929101,0.15397371,0.15154919,0.1476494,0.14407101,0.14369074,0.14210325,0.14702815,0.14551218,0.14433783,0.14627698,0.14558019,0.14512998,0.1449945,0.14739014,0.14126958,0.14232133,0.14337792,0.14444476,0.1496952,0.15020859,0.15122655,0.15221176,0.155442,0.15632547,0.15716687,0.15799683,0.1605825,0.16135976,0.1620913,0.1628081,0.16563597,0.16629592,0.16734795,0.16974175,0.1703157,0.17089172,0.17352226,0.1740678,0.17460072,0.17486417,0.17641896,0.17254747,0.14840442,0.092747934,0.024547702,0.010282049,0.002333429,0.00035118783,5.2407417e-5,1.1378374e-5,1.6928312e-6,2.5086004e-7,1.4153147e-7,2.102548e-8,3.1309024e-9,6.73529e-10,1.00077585e-10,5.6274485e-11,8.324968e-12,3.1976464e-12,4.7026345e-12,4.7026345e-12,6.84659e-12
0.04462942,0.041420188,0.03926271,0.038241133,0.035584018,0.03383453,0.031287108,0.030000055,0.028852703,0.027655352,0.026797138,0.026043916,0.025251435,0.024901938,0.024387991,0.02420243,0.0238742,0.02361555,0.02412953,0.024177764,0.024428895,0.024559153,0.02492128,0.025593443,0.026328778,0.027305877,0.028821748,0.030574229,0.03158684,0.035271462,0.039356172,0.04490444,0.054202616,0.0679753,0.090021834,0.10420409,0.15053102,0.20730327,0.27768666,0.36692947,0.4345367,0.46371827,0.51103073,0.5506753,0.5766327,0.59884244,0.619275,0.64031065,0.65062124,0.67207944,0.69506663,0.720494,0.74700105,0.7752664,0.80521697,0.82213706,0.854283,0.8877828,0.9218915,0.9562704,0.99214727,1.0253066,1.0412804,1.0710613,1.0968691,1.1174402,1.1254293,1.1161087,1.0823103,1.0226188,0.98728466,0.9038172,0.8472114,0.8061528,0.7756321,0.74647886,0.7157411,0.6849182,0.65379137,0.62120366,0.58767945,0.55604136,0.52715665,0.5023147,0.47311097,0.4649283,0.45381537,0.44499156,0.43797275,0.43223375,0.42740807,0.42318034,0.41779965,0.416078,0.4112961,0.40788695,0.40447098,0.40104488,0.39763585,0.3942095,0.39251694,0.388789,0.38564906,0.3823354,0.37888286,0.375741,0.37269413,0.3696936,0.3682348,0.36257043,0.35972294,0.35697567,0.35435852,0.35186115,0.34931272,0.34699655,0.34589282,0.34377664,0.34176314,0.33984742,0.33805323,0.33684775,0.3354598,0.33421957,0.3336735,0.3327353,0.3320318,0.33156493,0.328622,0.32841256,0.33427954,0.33650905,0.34080675,0.35947677,0.38270888,0.38683304,0.39719722,0.39289817,0.38895854,0.3818288,0.3772787,0.37102824,0.36565113,0.3603403,0.3520868,0.34065723,0.32699466,0.31664523,0.28340018,0.24571264,0.23496662,0.22775687,0.22255965,0.21782443,0.21311523,0.21114336,0.21421406,0.20812936,0.20365372,0.19900319,0.19422391,0.18934457,0.18408692,0.18819526,0.18212685,0.17150411,0.16668822,0.16184331,0.15395865,0.15352128,0.15108877,0.14638163,0.14444233,0.14106528,0.13793324,0.13795844,0.13526234,0.14005736,0.13947624,0.13854495,0.14065376,0.1401554,0.13988052,0.13980241,0.1399347,0.14248241,0.13797566,0.13910253,0.14020053,0.1433954,0.14603959,0.14711711,0.14764196,0.15089989,0.15185577,0.15276617,0.15366176,0.15665305,0.15746084,0.15785111,0.15863849,0.16144785,0.16215104,0.1628513,0.16555002,0.1662011,0.1665093,0.16739547,0.16998257,0.170567,0.17008735,0.16945297,0.16360483,0.12302595,0.05981728,0.01233364,0.0019508137,0.0004305791,6.4461856e-5,2.4928158e-5,5.3836216e-6,8.0341437e-7,1.18650846e-7,2.5747601e-8,3.820095e-9,1.4749734e-9,3.1971734e-10,4.733896e-11,1.0262748e-11,1.5156485e-12,1.5156485e-12,2.2004642e-12,2.2004642e-12,3.1976464e-12
